#
# phpBB Backup Script
# Dump of tables for phpbb_
# DATE : 27-04-2014 19:59:52 GMT
#
# Table: phpbb_acl_groups
DROP TABLE IF EXISTS phpbb_acl_groups;
CREATE TABLE `phpbb_acl_groups` (
  `group_id` mediumint(8) unsigned NOT NULL DEFAULT '0',
  `forum_id` mediumint(8) unsigned NOT NULL DEFAULT '0',
  `auth_option_id` mediumint(8) unsigned NOT NULL DEFAULT '0',
  `auth_role_id` mediumint(8) unsigned NOT NULL DEFAULT '0',
  `auth_setting` tinyint(2) NOT NULL DEFAULT '0',
  KEY `group_id` (`group_id`),
  KEY `auth_opt_id` (`auth_option_id`),
  KEY `auth_role_id` (`auth_role_id`)
) ENGINE=MyISAM DEFAULT CHARSET=utf8 COLLATE=utf8_bin;

INSERT INTO phpbb_acl_groups (group_id, forum_id, auth_option_id, auth_role_id, auth_setting) VALUES (1, 0, 85, 0, 1),(1, 0, 93, 0, 1),(1, 0, 111, 0, 1),(5, 0, 0, 5, 0),(5, 0, 0, 1, 0),(2, 0, 0, 6, 0),(3, 0, 0, 6, 0),(4, 0, 0, 5, 0),(4, 0, 0, 10, 0),(1, 1, 0, 17, 0),(2, 1, 0, 17, 0),(3, 1, 0, 17, 0),(6, 1, 0, 17, 0),(2, 2, 0, 21, 0),(7, 0, 0, 23, 0),(5, 2, 0, 14, 0),(5, 3, 0, 14, 0),(2, 3, 0, 21, 0),(5, 4, 0, 14, 0),(2, 4, 0, 21, 0),(5, 5, 0, 14, 0),(2, 5, 0, 21, 0),(5, 6, 0, 14, 0),(2, 6, 0, 21, 0);

# Table: phpbb_acl_options
DROP TABLE IF EXISTS phpbb_acl_options;
CREATE TABLE `phpbb_acl_options` (
  `auth_option_id` mediumint(8) unsigned NOT NULL AUTO_INCREMENT,
  `auth_option` varchar(50) COLLATE utf8_bin NOT NULL DEFAULT '',
  `is_global` tinyint(1) unsigned NOT NULL DEFAULT '0',
  `is_local` tinyint(1) unsigned NOT NULL DEFAULT '0',
  `founder_only` tinyint(1) unsigned NOT NULL DEFAULT '0',
  PRIMARY KEY (`auth_option_id`),
  UNIQUE KEY `auth_option` (`auth_option`)
) ENGINE=MyISAM AUTO_INCREMENT=118 DEFAULT CHARSET=utf8 COLLATE=utf8_bin;

INSERT INTO phpbb_acl_options (auth_option_id, auth_option, is_global, is_local, founder_only) VALUES (1, 'f_', 0, 1, 0),(2, 'f_announce', 0, 1, 0),(3, 'f_attach', 0, 1, 0),(4, 'f_bbcode', 0, 1, 0),(5, 'f_bump', 0, 1, 0),(6, 'f_delete', 0, 1, 0),(7, 'f_download', 0, 1, 0),(8, 'f_edit', 0, 1, 0),(9, 'f_email', 0, 1, 0),(10, 'f_flash', 0, 1, 0),(11, 'f_icons', 0, 1, 0),(12, 'f_ignoreflood', 0, 1, 0),(13, 'f_img', 0, 1, 0),(14, 'f_list', 0, 1, 0),(15, 'f_noapprove', 0, 1, 0),(16, 'f_poll', 0, 1, 0),(17, 'f_post', 0, 1, 0),(18, 'f_postcount', 0, 1, 0),(19, 'f_print', 0, 1, 0),(20, 'f_read', 0, 1, 0),(21, 'f_reply', 0, 1, 0),(22, 'f_report', 0, 1, 0),(23, 'f_search', 0, 1, 0),(24, 'f_sigs', 0, 1, 0),(25, 'f_smilies', 0, 1, 0),(26, 'f_sticky', 0, 1, 0),(27, 'f_subscribe', 0, 1, 0),(28, 'f_user_lock', 0, 1, 0),(29, 'f_vote', 0, 1, 0),(30, 'f_votechg', 0, 1, 0),(31, 'm_', 1, 1, 0),(32, 'm_approve', 1, 1, 0),(33, 'm_chgposter', 1, 1, 0),(34, 'm_delete', 1, 1, 0),(35, 'm_edit', 1, 1, 0),(36, 'm_info', 1, 1, 0),(37, 'm_lock', 1, 1, 0),(38, 'm_merge', 1, 1, 0),(39, 'm_move', 1, 1, 0),(40, 'm_report', 1, 1, 0),(41, 'm_split', 1, 1, 0),(42, 'm_ban', 1, 0, 0),(43, 'm_warn', 1, 0, 0),(44, 'a_', 1, 0, 0),(45, 'a_aauth', 1, 0, 0),(46, 'a_attach', 1, 0, 0),(47, 'a_authgroups', 1, 0, 0),(48, 'a_authusers', 1, 0, 0),(49, 'a_backup', 1, 0, 0),(50, 'a_ban', 1, 0, 0),(51, 'a_bbcode', 1, 0, 0),(52, 'a_board', 1, 0, 0),(53, 'a_bots', 1, 0, 0),(54, 'a_clearlogs', 1, 0, 0),(55, 'a_email', 1, 0, 0),(56, 'a_fauth', 1, 0, 0),(57, 'a_forum', 1, 0, 0),(58, 'a_forumadd', 1, 0, 0),(59, 'a_forumdel', 1, 0, 0),(60, 'a_group', 1, 0, 0),(61, 'a_groupadd', 1, 0, 0),(62, 'a_groupdel', 1, 0, 0),(63, 'a_icons', 1, 0, 0),(64, 'a_jabber', 1, 0, 0),(65, 'a_language', 1, 0, 0),(66, 'a_mauth', 1, 0, 0),(67, 'a_modules', 1, 0, 0),(68, 'a_names', 1, 0, 0),(69, 'a_phpinfo', 1, 0, 0),(70, 'a_profile', 1, 0, 0),(71, 'a_prune', 1, 0, 0),(72, 'a_ranks', 1, 0, 0),(73, 'a_reasons', 1, 0, 0),(74, 'a_roles', 1, 0, 0),(75, 'a_search', 1, 0, 0),(76, 'a_server', 1, 0, 0),(77, 'a_styles', 1, 0, 0),(78, 'a_switchperm', 1, 0, 0),(79, 'a_uauth', 1, 0, 0),(80, 'a_user', 1, 0, 0),(81, 'a_userdel', 1, 0, 0),(82, 'a_viewauth', 1, 0, 0),(83, 'a_viewlogs', 1, 0, 0),(84, 'a_words', 1, 0, 0),(85, 'u_', 1, 0, 0),(86, 'u_attach', 1, 0, 0),(87, 'u_chgavatar', 1, 0, 0),(88, 'u_chgcensors', 1, 0, 0),(89, 'u_chgemail', 1, 0, 0),(90, 'u_chggrp', 1, 0, 0),(91, 'u_chgname', 1, 0, 0),(92, 'u_chgpasswd', 1, 0, 0),(93, 'u_download', 1, 0, 0),(94, 'u_hideonline', 1, 0, 0),(95, 'u_ignoreflood', 1, 0, 0),(96, 'u_masspm', 1, 0, 0),(97, 'u_masspm_group', 1, 0, 0),(98, 'u_pm_attach', 1, 0, 0),(99, 'u_pm_bbcode', 1, 0, 0),(100, 'u_pm_delete', 1, 0, 0),(101, 'u_pm_download', 1, 0, 0),(102, 'u_pm_edit', 1, 0, 0),(103, 'u_pm_emailpm', 1, 0, 0),(104, 'u_pm_flash', 1, 0, 0),(105, 'u_pm_forward', 1, 0, 0),(106, 'u_pm_img', 1, 0, 0),(107, 'u_pm_printpm', 1, 0, 0),(108, 'u_pm_smilies', 1, 0, 0),(109, 'u_readpm', 1, 0, 0),(110, 'u_savedrafts', 1, 0, 0),(111, 'u_search', 1, 0, 0),(112, 'u_sendemail', 1, 0, 0),(113, 'u_sendim', 1, 0, 0),(114, 'u_sendpm', 1, 0, 0),(115, 'u_sig', 1, 0, 0),(116, 'u_viewonline', 1, 0, 0),(117, 'u_viewprofile', 1, 0, 0);

# Table: phpbb_acl_roles
DROP TABLE IF EXISTS phpbb_acl_roles;
CREATE TABLE `phpbb_acl_roles` (
  `role_id` mediumint(8) unsigned NOT NULL AUTO_INCREMENT,
  `role_name` varchar(255) COLLATE utf8_bin NOT NULL DEFAULT '',
  `role_description` text COLLATE utf8_bin NOT NULL,
  `role_type` varchar(10) COLLATE utf8_bin NOT NULL DEFAULT '',
  `role_order` smallint(4) unsigned NOT NULL DEFAULT '0',
  PRIMARY KEY (`role_id`),
  KEY `role_type` (`role_type`),
  KEY `role_order` (`role_order`)
) ENGINE=MyISAM AUTO_INCREMENT=25 DEFAULT CHARSET=utf8 COLLATE=utf8_bin;

INSERT INTO phpbb_acl_roles (role_id, role_name, role_description, role_type, role_order) VALUES (1, 'ROLE_ADMIN_STANDARD', 'ROLE_DESCRIPTION_ADMIN_STANDARD', 'a_', 1),(2, 'ROLE_ADMIN_FORUM', 'ROLE_DESCRIPTION_ADMIN_FORUM', 'a_', 3),(3, 'ROLE_ADMIN_USERGROUP', 'ROLE_DESCRIPTION_ADMIN_USERGROUP', 'a_', 4),(4, 'ROLE_ADMIN_FULL', 'ROLE_DESCRIPTION_ADMIN_FULL', 'a_', 2),(5, 'ROLE_USER_FULL', 'ROLE_DESCRIPTION_USER_FULL', 'u_', 3),(6, 'ROLE_USER_STANDARD', 'ROLE_DESCRIPTION_USER_STANDARD', 'u_', 1),(7, 'ROLE_USER_LIMITED', 'ROLE_DESCRIPTION_USER_LIMITED', 'u_', 2),(8, 'ROLE_USER_NOPM', 'ROLE_DESCRIPTION_USER_NOPM', 'u_', 4),(9, 'ROLE_USER_NOAVATAR', 'ROLE_DESCRIPTION_USER_NOAVATAR', 'u_', 5),(10, 'ROLE_MOD_FULL', 'ROLE_DESCRIPTION_MOD_FULL', 'm_', 3),(11, 'ROLE_MOD_STANDARD', 'ROLE_DESCRIPTION_MOD_STANDARD', 'm_', 1),(12, 'ROLE_MOD_SIMPLE', 'ROLE_DESCRIPTION_MOD_SIMPLE', 'm_', 2),(13, 'ROLE_MOD_QUEUE', 'ROLE_DESCRIPTION_MOD_QUEUE', 'm_', 4),(14, 'ROLE_FORUM_FULL', 'ROLE_DESCRIPTION_FORUM_FULL', 'f_', 7),(15, 'ROLE_FORUM_STANDARD', 'ROLE_DESCRIPTION_FORUM_STANDARD', 'f_', 5),(16, 'ROLE_FORUM_NOACCESS', 'ROLE_DESCRIPTION_FORUM_NOACCESS', 'f_', 1),(17, 'ROLE_FORUM_READONLY', 'ROLE_DESCRIPTION_FORUM_READONLY', 'f_', 2),(18, 'ROLE_FORUM_LIMITED', 'ROLE_DESCRIPTION_FORUM_LIMITED', 'f_', 3),(19, 'ROLE_FORUM_BOT', 'ROLE_DESCRIPTION_FORUM_BOT', 'f_', 9),(20, 'ROLE_FORUM_ONQUEUE', 'ROLE_DESCRIPTION_FORUM_ONQUEUE', 'f_', 8),(21, 'ROLE_FORUM_POLLS', 'ROLE_DESCRIPTION_FORUM_POLLS', 'f_', 6),(22, 'ROLE_FORUM_LIMITED_POLLS', 'ROLE_DESCRIPTION_FORUM_LIMITED_POLLS', 'f_', 4),(23, 'ROLE_USER_NEW_MEMBER', 'ROLE_DESCRIPTION_USER_NEW_MEMBER', 'u_', 6),(24, 'ROLE_FORUM_NEW_MEMBER', 'ROLE_DESCRIPTION_FORUM_NEW_MEMBER', 'f_', 10);

# Table: phpbb_acl_roles_data
DROP TABLE IF EXISTS phpbb_acl_roles_data;
CREATE TABLE `phpbb_acl_roles_data` (
  `role_id` mediumint(8) unsigned NOT NULL DEFAULT '0',
  `auth_option_id` mediumint(8) unsigned NOT NULL DEFAULT '0',
  `auth_setting` tinyint(2) NOT NULL DEFAULT '0',
  PRIMARY KEY (`role_id`,`auth_option_id`),
  KEY `ath_op_id` (`auth_option_id`)
) ENGINE=MyISAM DEFAULT CHARSET=utf8 COLLATE=utf8_bin;

INSERT INTO phpbb_acl_roles_data (role_id, auth_option_id, auth_setting) VALUES (1, 44, 1),(1, 46, 1),(1, 47, 1),(1, 48, 1),(1, 50, 1),(1, 51, 1),(1, 52, 1),(1, 56, 1),(1, 57, 1),(1, 58, 1),(1, 59, 1),(1, 60, 1),(1, 61, 1),(1, 62, 1),(1, 63, 1),(1, 66, 1),(1, 68, 1),(1, 70, 1),(1, 71, 1),(1, 72, 1),(1, 73, 1),(1, 79, 1),(1, 80, 1),(1, 81, 1),(1, 82, 1),(1, 83, 1),(1, 84, 1),(2, 44, 1),(2, 47, 1),(2, 48, 1),(2, 56, 1),(2, 57, 1),(2, 58, 1),(2, 59, 1),(2, 66, 1),(2, 71, 1),(2, 79, 1),(2, 82, 1),(2, 83, 1),(3, 44, 1),(3, 47, 1),(3, 48, 1),(3, 50, 1),(3, 60, 1),(3, 61, 1),(3, 62, 1),(3, 72, 1),(3, 79, 1),(3, 80, 1),(3, 82, 1),(3, 83, 1),(4, 44, 1),(4, 45, 1),(4, 46, 1),(4, 47, 1),(4, 48, 1),(4, 49, 1),(4, 50, 1),(4, 51, 1),(4, 52, 1),(4, 53, 1),(4, 54, 1),(4, 55, 1),(4, 56, 1),(4, 57, 1),(4, 58, 1),(4, 59, 1),(4, 60, 1),(4, 61, 1),(4, 62, 1),(4, 63, 1),(4, 64, 1),(4, 65, 1),(4, 66, 1),(4, 67, 1),(4, 68, 1),(4, 69, 1),(4, 70, 1),(4, 71, 1),(4, 72, 1),(4, 73, 1),(4, 74, 1),(4, 75, 1),(4, 76, 1),(4, 77, 1),(4, 78, 1),(4, 79, 1),(4, 80, 1),(4, 81, 1),(4, 82, 1),(4, 83, 1),(4, 84, 1),(5, 85, 1),(5, 86, 1),(5, 87, 1),(5, 88, 1),(5, 89, 1),(5, 90, 1),(5, 91, 1),(5, 92, 1),(5, 93, 1),(5, 94, 1),(5, 95, 1),(5, 96, 1),(5, 97, 1),(5, 98, 1),(5, 99, 1),(5, 100, 1),(5, 101, 1),(5, 102, 1),(5, 103, 1),(5, 104, 1),(5, 105, 1),(5, 106, 1),(5, 107, 1),(5, 108, 1),(5, 109, 1),(5, 110, 1),(5, 111, 1),(5, 112, 1),(5, 113, 1),(5, 114, 1),(5, 115, 1),(5, 116, 1),(5, 117, 1),(6, 85, 1),(6, 86, 1),(6, 87, 1),(6, 88, 1),(6, 89, 1),(6, 92, 1),(6, 93, 1),(6, 94, 1),(6, 96, 1),(6, 97, 1),(6, 98, 1),(6, 99, 1),(6, 100, 1),(6, 101, 1),(6, 102, 1),(6, 103, 1),(6, 106, 1),(6, 107, 1),(6, 108, 1),(6, 109, 1),(6, 110, 1),(6, 111, 1),(6, 112, 1),(6, 113, 1),(6, 114, 1),(6, 115, 1),(6, 117, 1),(7, 85, 1),(7, 87, 1),(7, 88, 1),(7, 89, 1),(7, 92, 1),(7, 93, 1),(7, 94, 1),(7, 99, 1),(7, 100, 1),(7, 101, 1),(7, 102, 1),(7, 105, 1),(7, 106, 1),(7, 107, 1),(7, 108, 1),(7, 109, 1),(7, 114, 1),(7, 115, 1),(7, 117, 1),(8, 85, 1),(8, 87, 1),(8, 88, 1),(8, 89, 1),(8, 92, 1),(8, 93, 1),(8, 94, 1),(8, 115, 1),(8, 117, 1),(8, 96, 0),(8, 97, 0),(8, 109, 0),(8, 114, 0),(9, 85, 1),(9, 88, 1),(9, 89, 1),(9, 92, 1),(9, 93, 1),(9, 94, 1),(9, 99, 1),(9, 100, 1),(9, 101, 1),(9, 102, 1),(9, 105, 1),(9, 106, 1),(9, 107, 1),(9, 108, 1),(9, 109, 1),(9, 114, 1),(9, 115, 1),(9, 117, 1),(9, 87, 0),(10, 31, 1),(10, 32, 1),(10, 42, 1),(10, 33, 1),(10, 34, 1),(10, 35, 1),(10, 36, 1),(10, 37, 1),(10, 38, 1),(10, 39, 1),(10, 40, 1),(10, 41, 1),(10, 43, 1),(11, 31, 1),(11, 32, 1),(11, 34, 1),(11, 35, 1),(11, 36, 1),(11, 37, 1),(11, 38, 1),(11, 39, 1),(11, 40, 1),(11, 41, 1),(11, 43, 1),(12, 31, 1),(12, 34, 1),(12, 35, 1),(12, 36, 1),(12, 40, 1),(13, 31, 1),(13, 32, 1),(13, 35, 1),(14, 1, 1),(14, 2, 1),(14, 3, 1),(14, 4, 1),(14, 5, 1),(14, 6, 1),(14, 7, 1),(14, 8, 1),(14, 9, 1),(14, 10, 1),(14, 11, 1),(14, 12, 1),(14, 13, 1),(14, 14, 1),(14, 15, 1),(14, 16, 1),(14, 17, 1),(14, 18, 1),(14, 19, 1),(14, 20, 1),(14, 21, 1),(14, 22, 1),(14, 23, 1),(14, 24, 1),(14, 25, 1),(14, 26, 1),(14, 27, 1),(14, 28, 1),(14, 29, 1),(14, 30, 1),(15, 1, 1),(15, 3, 1),(15, 4, 1),(15, 5, 1),(15, 6, 1),(15, 7, 1),(15, 8, 1),(15, 9, 1),(15, 11, 1),(15, 13, 1),(15, 14, 1),(15, 15, 1),(15, 17, 1),(15, 18, 1),(15, 19, 1),(15, 20, 1),(15, 21, 1),(15, 22, 1),(15, 23, 1),(15, 24, 1),(15, 25, 1),(15, 27, 1),(15, 29, 1),(15, 30, 1),(16, 1, 0),(17, 1, 1),(17, 7, 1),(17, 14, 1),(17, 19, 1),(17, 20, 1),(17, 23, 1),(17, 27, 1),(18, 1, 1),(18, 4, 1),(18, 7, 1),(18, 8, 1),(18, 9, 1),(18, 13, 1),(18, 14, 1),(18, 15, 1),(18, 17, 1),(18, 18, 1),(18, 19, 1),(18, 20, 1),(18, 21, 1),(18, 22, 1),(18, 23, 1),(18, 24, 1),(18, 25, 1),(18, 27, 1),(18, 29, 1),(19, 1, 1),(19, 7, 1),(19, 14, 1),(19, 19, 1),(19, 20, 1),(20, 1, 1),(20, 3, 1),(20, 4, 1),(20, 7, 1),(20, 8, 1),(20, 9, 1),(20, 13, 1),(20, 14, 1),(20, 17, 1),(20, 18, 1),(20, 19, 1),(20, 20, 1),(20, 21, 1),(20, 22, 1),(20, 23, 1),(20, 24, 1),(20, 25, 1),(20, 27, 1),(20, 29, 1),(20, 15, 0),(21, 1, 1),(21, 3, 1),(21, 4, 1),(21, 5, 1),(21, 6, 1),(21, 7, 1),(21, 8, 1),(21, 9, 1),(21, 11, 1),(21, 13, 1),(21, 14, 1),(21, 15, 1),(21, 16, 1),(21, 17, 1),(21, 18, 1),(21, 19, 1),(21, 20, 1),(21, 21, 1),(21, 22, 1),(21, 23, 1),(21, 24, 1),(21, 25, 1),(21, 27, 1),(21, 29, 1),(21, 30, 1),(22, 1, 1),(22, 4, 1),(22, 7, 1),(22, 8, 1),(22, 9, 1),(22, 13, 1),(22, 14, 1),(22, 15, 1),(22, 16, 1),(22, 17, 1),(22, 18, 1),(22, 19, 1),(22, 20, 1),(22, 21, 1),(22, 22, 1),(22, 23, 1),(22, 24, 1),(22, 25, 1),(22, 27, 1),(22, 29, 1),(23, 96, 0),(23, 97, 0),(23, 114, 0),(24, 15, 0);

# Table: phpbb_acl_users
DROP TABLE IF EXISTS phpbb_acl_users;
CREATE TABLE `phpbb_acl_users` (
  `user_id` mediumint(8) unsigned NOT NULL DEFAULT '0',
  `forum_id` mediumint(8) unsigned NOT NULL DEFAULT '0',
  `auth_option_id` mediumint(8) unsigned NOT NULL DEFAULT '0',
  `auth_role_id` mediumint(8) unsigned NOT NULL DEFAULT '0',
  `auth_setting` tinyint(2) NOT NULL DEFAULT '0',
  KEY `user_id` (`user_id`),
  KEY `auth_option_id` (`auth_option_id`),
  KEY `auth_role_id` (`auth_role_id`)
) ENGINE=MyISAM DEFAULT CHARSET=utf8 COLLATE=utf8_bin;

INSERT INTO phpbb_acl_users (user_id, forum_id, auth_option_id, auth_role_id, auth_setting) VALUES (2, 0, 0, 5, 0),(50, 0, 0, 5, 0),(48, 0, 0, 6, 0),(49, 0, 0, 5, 0),(51, 0, 0, 5, 0),(52, 0, 0, 6, 0),(53, 0, 0, 5, 0),(54, 0, 0, 6, 0),(55, 1, 0, 21, 0),(55, 2, 0, 21, 0),(55, 4, 0, 21, 0),(55, 5, 0, 21, 0),(55, 6, 0, 21, 0);

# Table: phpbb_attachments
DROP TABLE IF EXISTS phpbb_attachments;
CREATE TABLE `phpbb_attachments` (
  `attach_id` mediumint(8) unsigned NOT NULL AUTO_INCREMENT,
  `post_msg_id` mediumint(8) unsigned NOT NULL DEFAULT '0',
  `topic_id` mediumint(8) unsigned NOT NULL DEFAULT '0',
  `in_message` tinyint(1) unsigned NOT NULL DEFAULT '0',
  `poster_id` mediumint(8) unsigned NOT NULL DEFAULT '0',
  `is_orphan` tinyint(1) unsigned NOT NULL DEFAULT '1',
  `physical_filename` varchar(255) COLLATE utf8_bin NOT NULL DEFAULT '',
  `real_filename` varchar(255) COLLATE utf8_bin NOT NULL DEFAULT '',
  `download_count` mediumint(8) unsigned NOT NULL DEFAULT '0',
  `attach_comment` text COLLATE utf8_bin NOT NULL,
  `extension` varchar(100) COLLATE utf8_bin NOT NULL DEFAULT '',
  `mimetype` varchar(100) COLLATE utf8_bin NOT NULL DEFAULT '',
  `filesize` int(20) unsigned NOT NULL DEFAULT '0',
  `filetime` int(11) unsigned NOT NULL DEFAULT '0',
  `thumbnail` tinyint(1) unsigned NOT NULL DEFAULT '0',
  PRIMARY KEY (`attach_id`),
  KEY `filetime` (`filetime`),
  KEY `post_msg_id` (`post_msg_id`),
  KEY `topic_id` (`topic_id`),
  KEY `poster_id` (`poster_id`),
  KEY `is_orphan` (`is_orphan`)
) ENGINE=MyISAM DEFAULT CHARSET=utf8 COLLATE=utf8_bin;

# Table: phpbb_banlist
DROP TABLE IF EXISTS phpbb_banlist;
CREATE TABLE `phpbb_banlist` (
  `ban_id` mediumint(8) unsigned NOT NULL AUTO_INCREMENT,
  `ban_userid` mediumint(8) unsigned NOT NULL DEFAULT '0',
  `ban_ip` varchar(40) COLLATE utf8_bin NOT NULL DEFAULT '',
  `ban_email` varchar(100) COLLATE utf8_bin NOT NULL DEFAULT '',
  `ban_start` int(11) unsigned NOT NULL DEFAULT '0',
  `ban_end` int(11) unsigned NOT NULL DEFAULT '0',
  `ban_exclude` tinyint(1) unsigned NOT NULL DEFAULT '0',
  `ban_reason` varchar(255) COLLATE utf8_bin NOT NULL DEFAULT '',
  `ban_give_reason` varchar(255) COLLATE utf8_bin NOT NULL DEFAULT '',
  PRIMARY KEY (`ban_id`),
  KEY `ban_end` (`ban_end`),
  KEY `ban_user` (`ban_userid`,`ban_exclude`),
  KEY `ban_email` (`ban_email`,`ban_exclude`),
  KEY `ban_ip` (`ban_ip`,`ban_exclude`)
) ENGINE=MyISAM DEFAULT CHARSET=utf8 COLLATE=utf8_bin;

# Table: phpbb_bbcodes
DROP TABLE IF EXISTS phpbb_bbcodes;
CREATE TABLE `phpbb_bbcodes` (
  `bbcode_id` smallint(4) unsigned NOT NULL DEFAULT '0',
  `bbcode_tag` varchar(16) COLLATE utf8_bin NOT NULL DEFAULT '',
  `bbcode_helpline` varchar(255) COLLATE utf8_bin NOT NULL DEFAULT '',
  `display_on_posting` tinyint(1) unsigned NOT NULL DEFAULT '0',
  `bbcode_match` text COLLATE utf8_bin NOT NULL,
  `bbcode_tpl` mediumtext COLLATE utf8_bin NOT NULL,
  `first_pass_match` mediumtext COLLATE utf8_bin NOT NULL,
  `first_pass_replace` mediumtext COLLATE utf8_bin NOT NULL,
  `second_pass_match` mediumtext COLLATE utf8_bin NOT NULL,
  `second_pass_replace` mediumtext COLLATE utf8_bin NOT NULL,
  PRIMARY KEY (`bbcode_id`),
  KEY `display_on_post` (`display_on_posting`)
) ENGINE=MyISAM DEFAULT CHARSET=utf8 COLLATE=utf8_bin;

# Table: phpbb_bookmarks
DROP TABLE IF EXISTS phpbb_bookmarks;
CREATE TABLE `phpbb_bookmarks` (
  `topic_id` mediumint(8) unsigned NOT NULL DEFAULT '0',
  `user_id` mediumint(8) unsigned NOT NULL DEFAULT '0',
  PRIMARY KEY (`topic_id`,`user_id`)
) ENGINE=MyISAM DEFAULT CHARSET=utf8 COLLATE=utf8_bin;

# Table: phpbb_bots
DROP TABLE IF EXISTS phpbb_bots;
CREATE TABLE `phpbb_bots` (
  `bot_id` mediumint(8) unsigned NOT NULL AUTO_INCREMENT,
  `bot_active` tinyint(1) unsigned NOT NULL DEFAULT '1',
  `bot_name` varchar(255) COLLATE utf8_bin NOT NULL DEFAULT '',
  `user_id` mediumint(8) unsigned NOT NULL DEFAULT '0',
  `bot_agent` varchar(255) COLLATE utf8_bin NOT NULL DEFAULT '',
  `bot_ip` varchar(255) COLLATE utf8_bin NOT NULL DEFAULT '',
  PRIMARY KEY (`bot_id`),
  KEY `bot_active` (`bot_active`)
) ENGINE=MyISAM AUTO_INCREMENT=46 DEFAULT CHARSET=utf8 COLLATE=utf8_bin;

INSERT INTO phpbb_bots (bot_id, bot_active, bot_name, user_id, bot_agent, bot_ip) VALUES (1, 1, 'AdsBot [Google]', 3, 'AdsBot-Google', ''),(2, 1, 'Alexa [Bot]', 4, 'ia_archiver', ''),(3, 1, 'Alta Vista [Bot]', 5, 'Scooter/', ''),(4, 1, 'Ask Jeeves [Bot]', 6, 'Ask Jeeves', ''),(5, 1, 'Baidu [Spider]', 7, 'Baiduspider', ''),(6, 1, 'Bing [Bot]', 8, 'bingbot/', ''),(7, 1, 'Exabot [Bot]', 9, 'Exabot', ''),(8, 1, 'FAST Enterprise [Crawler]', 10, 'FAST Enterprise Crawler', ''),(9, 1, 'FAST WebCrawler [Crawler]', 11, 'FAST-WebCrawler/', ''),(10, 1, 'Francis [Bot]', 12, 'http://www.neomo.de/', ''),(11, 1, 'Gigabot [Bot]', 13, 'Gigabot/', ''),(12, 1, 'Google Adsense [Bot]', 14, 'Mediapartners-Google', ''),(13, 1, 'Google Desktop', 15, 'Google Desktop', ''),(14, 1, 'Google Feedfetcher', 16, 'Feedfetcher-Google', ''),(15, 1, 'Google [Bot]', 17, 'Googlebot', ''),(16, 1, 'Heise IT-Markt [Crawler]', 18, 'heise-IT-Markt-Crawler', ''),(17, 1, 'Heritrix [Crawler]', 19, 'heritrix/1.', ''),(18, 1, 'IBM Research [Bot]', 20, 'ibm.com/cs/crawler', ''),(19, 1, 'ICCrawler - ICjobs', 21, 'ICCrawler - ICjobs', ''),(20, 1, 'ichiro [Crawler]', 22, 'ichiro/', ''),(21, 1, 'Majestic-12 [Bot]', 23, 'MJ12bot/', ''),(22, 1, 'Metager [Bot]', 24, 'MetagerBot/', ''),(23, 1, 'MSN NewsBlogs', 25, 'msnbot-NewsBlogs/', ''),(24, 1, 'MSN [Bot]', 26, 'msnbot/', ''),(25, 1, 'MSNbot Media', 27, 'msnbot-media/', ''),(26, 1, 'Nutch [Bot]', 28, 'http://lucene.apache.org/nutch/', ''),(27, 1, 'Online link [Validator]', 29, 'online link validator', ''),(28, 1, 'psbot [Picsearch]', 30, 'psbot/0', ''),(29, 1, 'Sensis [Crawler]', 31, 'Sensis Web Crawler', ''),(30, 1, 'SEO Crawler', 32, 'SEO search Crawler/', ''),(31, 1, 'Seoma [Crawler]', 33, 'Seoma [SEO Crawler]', ''),(32, 1, 'SEOSearch [Crawler]', 34, 'SEOsearch/', ''),(33, 1, 'Snappy [Bot]', 35, 'Snappy/1.1 ( http://www.urltrends.com/ )', ''),(34, 1, 'Steeler [Crawler]', 36, 'http://www.tkl.iis.u-tokyo.ac.jp/~crawler/', ''),(35, 1, 'Telekom [Bot]', 37, 'crawleradmin.t-info@telekom.de', ''),(36, 1, 'TurnitinBot [Bot]', 38, 'TurnitinBot/', ''),(37, 1, 'Voyager [Bot]', 39, 'voyager/', ''),(38, 1, 'W3 [Sitesearch]', 40, 'W3 SiteSearch Crawler', ''),(39, 1, 'W3C [Linkcheck]', 41, 'W3C-checklink/', ''),(40, 1, 'W3C [Validator]', 42, 'W3C_Validator', ''),(41, 1, 'YaCy [Bot]', 43, 'yacybot', ''),(42, 1, 'Yahoo MMCrawler [Bot]', 44, 'Yahoo-MMCrawler/', ''),(43, 1, 'Yahoo Slurp [Bot]', 45, 'Yahoo! DE Slurp', ''),(44, 1, 'Yahoo [Bot]', 46, 'Yahoo! Slurp', ''),(45, 1, 'YahooSeeker [Bot]', 47, 'YahooSeeker/', '');

# Table: phpbb_config
DROP TABLE IF EXISTS phpbb_config;
CREATE TABLE `phpbb_config` (
  `config_name` varchar(255) COLLATE utf8_bin NOT NULL DEFAULT '',
  `config_value` varchar(255) COLLATE utf8_bin NOT NULL DEFAULT '',
  `is_dynamic` tinyint(1) unsigned NOT NULL DEFAULT '0',
  PRIMARY KEY (`config_name`),
  KEY `is_dynamic` (`is_dynamic`)
) ENGINE=MyISAM DEFAULT CHARSET=utf8 COLLATE=utf8_bin;

INSERT INTO phpbb_config (config_name, config_value, is_dynamic) VALUES ('active_sessions', '0', 0),('allow_attachments', '1', 0),('allow_autologin', '1', 0),('allow_avatar', '1', 0),('allow_avatar_local', '0', 0),('allow_avatar_remote', '0', 0),('allow_avatar_upload', '1', 0),('allow_avatar_remote_upload', '0', 0),('allow_bbcode', '1', 0),('allow_birthdays', '1', 0),('allow_bookmarks', '1', 0),('allow_emailreuse', '0', 0),('allow_forum_notify', '1', 0),('allow_mass_pm', '1', 0),('allow_name_chars', 'USERNAME_CHARS_ANY', 0),('allow_namechange', '0', 0),('allow_nocensors', '0', 0),('allow_pm_attach', '0', 0),('allow_pm_report', '1', 0),('allow_post_flash', '1', 0),('allow_post_links', '1', 0),('allow_privmsg', '1', 0),('allow_quick_reply', '1', 0),('allow_sig', '1', 0),('allow_sig_bbcode', '1', 0),('allow_sig_flash', '0', 0),('allow_sig_img', '1', 0),('allow_sig_links', '1', 0),('allow_sig_pm', '1', 0),('allow_sig_smilies', '1', 0),('allow_smilies', '1', 0),('allow_topic_notify', '1', 0),('attachment_quota', '52428800', 0),('auth_bbcode_pm', '1', 0),('auth_flash_pm', '0', 0),('auth_img_pm', '1', 0),('auth_method', 'db', 0),('auth_smilies_pm', '1', 0),('avatar_filesize', '6144', 0),('avatar_gallery_path', 'images/avatars/gallery', 0),('avatar_max_height', '90', 0),('avatar_max_width', '90', 0),('avatar_min_height', '20', 0),('avatar_min_width', '20', 0),('avatar_path', 'images/avatars/upload', 0),('avatar_salt', '4d55cc3bf6c3f7dd7632881307e53321', 0),('board_contact', 'nitemare@spelpunkten.com', 0),('board_disable', '0', 0),('board_disable_msg', '', 0),('board_dst', '0', 0),('board_email', 'nitemare@spelpunkten.com', 0),('board_email_form', '0', 0),('board_email_sig', 'Thanks, The Management', 0),('board_hide_emails', '1', 0),('board_timezone', '0', 0),('browser_check', '1', 0),('bump_interval', '10', 0),('bump_type', 'd', 0),('cache_gc', '7200', 0),('captcha_plugin', 'phpbb_captcha_gd', 0),('captcha_gd', '1', 0),('captcha_gd_foreground_noise', '0', 0),('captcha_gd_x_grid', '25', 0),('captcha_gd_y_grid', '25', 0),('captcha_gd_wave', '0', 0),('captcha_gd_3d_noise', '1', 0),('captcha_gd_fonts', '1', 0),('confirm_refresh', '1', 0),('check_attachment_content', '1', 0),('check_dnsbl', '0', 0),('chg_passforce', '0', 0),('cookie_domain', 'spelpunkten.com', 0),('cookie_name', 'phpbb3_t517q', 0),('cookie_path', '/', 0),('cookie_secure', '0', 0),('coppa_enable', '0', 0),('coppa_fax', '', 0),('coppa_mail', '', 0),('database_gc', '604800', 0),('dbms_version', '5.1.68', 0),('default_dateformat', 'D M d, Y g:i a', 0),('default_style', '2', 0),('display_last_edited', '1', 0),('display_order', '0', 0),('edit_time', '0', 0),('delete_time', '0', 0),('email_check_mx', '1', 0),('email_enable', '1', 0),('email_function_name', 'mail', 0),('email_max_chunk_size', '50', 0),('email_package_size', '20', 0),('enable_confirm', '1', 0),('enable_pm_icons', '1', 0),('enable_post_confirm', '1', 0),('feed_enable', '1', 0),('feed_http_auth', '0', 0),('feed_limit_post', '15', 0),('feed_limit_topic', '10', 0),('feed_overall_forums', '0', 0),('feed_overall', '1', 0),('feed_forum', '1', 0),('feed_topic', '1', 0),('feed_topics_new', '1', 0),('feed_topics_active', '0', 0),('feed_item_statistics', '1', 0),('flood_interval', '15', 0),('force_server_vars', '0', 0),('form_token_lifetime', '7200', 0),('form_token_mintime', '0', 0),('form_token_sid_guests', '1', 0),('forward_pm', '1', 0),('forwarded_for_check', '0', 0),('full_folder_action', '2', 0),('fulltext_mysql_max_word_len', '254', 0),('fulltext_mysql_min_word_len', '4', 0),('fulltext_native_common_thres', '5', 0),('fulltext_native_load_upd', '1', 0),('fulltext_native_max_chars', '14', 0),('fulltext_native_min_chars', '3', 0),('gzip_compress', '0', 0),('hot_threshold', '25', 0),('icons_path', 'images/icons', 0),('img_create_thumbnail', '0', 0),('img_display_inlined', '1', 0),('img_imagick', '', 0),('img_link_height', '0', 0),('img_link_width', '0', 0),('img_max_height', '0', 0),('img_max_thumb_width', '400', 0),('img_max_width', '0', 0),('img_min_thumb_filesize', '12000', 0),('ip_check', '3', 0),('ip_login_limit_max', '50', 0),('ip_login_limit_time', '21600', 0),('ip_login_limit_use_forwarded', '0', 0),('jab_enable', '0', 0),('jab_host', '', 0),('jab_password', '', 0),('jab_package_size', '20', 0),('jab_port', '5222', 0),('jab_use_ssl', '0', 0),('jab_username', '', 0),('ldap_base_dn', '', 0),('ldap_email', '', 0),('ldap_password', '', 0),('ldap_port', '', 0),('ldap_server', '', 0),('ldap_uid', '', 0),('ldap_user', '', 0),('ldap_user_filter', '', 0),('limit_load', '0', 0),('limit_search_load', '0', 0),('load_anon_lastread', '0', 0),('load_birthdays', '1', 0),('load_cpf_memberlist', '0', 0),('load_cpf_viewprofile', '1', 0),('load_cpf_viewtopic', '0', 0),('load_db_lastread', '1', 0),('load_db_track', '1', 0),('load_jumpbox', '1', 0),('load_moderators', '1', 0),('load_online', '1', 0),('load_online_guests', '1', 0),('load_online_time', '5', 0),('load_onlinetrack', '1', 0),('load_search', '1', 0),('load_tplcompile', '0', 0),('load_unreads_search', '1', 0),('load_user_activity', '1', 0),('max_attachments', '3', 0),('max_attachments_pm', '1', 0),('max_autologin_time', '0', 0),('max_filesize', '262144', 0),('max_filesize_pm', '262144', 0),('max_login_attempts', '3', 0),('max_name_chars', '20', 0),('max_num_search_keywords', '10', 0),('max_pass_chars', '100', 0),('max_poll_options', '10', 0),('max_post_chars', '60000', 0),('max_post_font_size', '200', 0),('max_post_img_height', '0', 0),('max_post_img_width', '0', 0),('max_post_smilies', '0', 0),('max_post_urls', '0', 0),('max_quote_depth', '3', 0),('max_reg_attempts', '5', 0),('max_sig_chars', '255', 0),('max_sig_font_size', '200', 0),('max_sig_img_height', '0', 0),('max_sig_img_width', '0', 0),('max_sig_smilies', '0', 0),('max_sig_urls', '5', 0),('min_name_chars', '3', 0),('min_pass_chars', '6', 0),('min_post_chars', '1', 0),('min_search_author_chars', '3', 0),('mime_triggers', 'body|head|html|img|plaintext|a href|pre|script|table|title', 0),('new_member_post_limit', '3', 0),('new_member_group_default', '0', 0),('override_user_style', '0', 0),('pass_complex', 'PASS_TYPE_ANY', 0),('pm_edit_time', '0', 0),('pm_max_boxes', '4', 0),('pm_max_msgs', '50', 0),('pm_max_recipients', '0', 0),('posts_per_page', '10', 0),('print_pm', '1', 0),('queue_interval', '60', 0),('ranks_path', 'images/ranks', 0),('require_activation', '0', 0),('referer_validation', '1', 0),('script_path', '/bhf', 0),('search_block_size', '250', 0),('search_gc', '7200', 0),('search_interval', '0', 0),('search_anonymous_interval', '0', 0),('search_type', 'fulltext_native', 0),('search_store_results', '1800', 0),('secure_allow_deny', '1', 0),('secure_allow_empty_referer', '1', 0),('secure_downloads', '0', 0),('server_name', 'spelpunkten.com', 0),('server_port', '80', 0),('server_protocol', 'http://', 0),('session_gc', '3600', 0),('session_length', '3600', 0),('site_desc', 'A short text to describe your forum', 0),('sitename', 'yourdomain.com', 0),('smilies_path', 'images/smilies', 0),('smilies_per_page', '50', 0),('smtp_auth_method', 'PLAIN', 0),('smtp_delivery', '0', 0),('smtp_host', '', 0),('smtp_password', '', 0),('smtp_port', '25', 0),('smtp_username', '', 0),('topics_per_page', '25', 0),('tpl_allow_php', '0', 0),('upload_icons_path', 'images/upload_icons', 0),('upload_path', 'files', 0),('version', '3.0.12', 0),('warnings_expire_days', '90', 0),('warnings_gc', '14400', 0),('cache_last_gc', '1398625287', 1),('cron_lock', '0', 1),('database_last_gc', '1398094134', 1),('last_queue_run', '1395269040', 1),('newest_user_colour', '', 1),('newest_user_id', '55', 1),('newest_username', 'Foppatofflan', 1),('num_files', '0', 1),('num_posts', '7', 1),('num_topics', '4', 1),('num_users', '9', 1),('rand_seed', '0fe2126421ba3f960cf7d9c8482b7791', 1),('rand_seed_last_update', '1398628789', 1),('record_online_date', '1395269485', 1),('record_online_users', '4', 1),('search_indexing_state', '', 1),('search_last_gc', '1398625305', 1),('session_last_gc', '1398625314', 1),('upload_dir_size', '0', 1),('warnings_last_gc', '1398625300', 1),('board_startdate', '1395251289', 0),('default_lang', 'en', 0),('questionnaire_unique_id', '5bf2151fb24b24c2', 0);

# Table: phpbb_confirm
DROP TABLE IF EXISTS phpbb_confirm;
CREATE TABLE `phpbb_confirm` (
  `confirm_id` char(32) COLLATE utf8_bin NOT NULL DEFAULT '',
  `session_id` char(32) COLLATE utf8_bin NOT NULL DEFAULT '',
  `confirm_type` tinyint(3) NOT NULL DEFAULT '0',
  `code` varchar(8) COLLATE utf8_bin NOT NULL DEFAULT '',
  `seed` int(10) unsigned NOT NULL DEFAULT '0',
  `attempts` mediumint(8) unsigned NOT NULL DEFAULT '0',
  PRIMARY KEY (`session_id`,`confirm_id`),
  KEY `confirm_type` (`confirm_type`)
) ENGINE=MyISAM DEFAULT CHARSET=utf8 COLLATE=utf8_bin;

# Table: phpbb_disallow
DROP TABLE IF EXISTS phpbb_disallow;
CREATE TABLE `phpbb_disallow` (
  `disallow_id` mediumint(8) unsigned NOT NULL AUTO_INCREMENT,
  `disallow_username` varchar(255) COLLATE utf8_bin NOT NULL DEFAULT '',
  PRIMARY KEY (`disallow_id`)
) ENGINE=MyISAM DEFAULT CHARSET=utf8 COLLATE=utf8_bin;

# Table: phpbb_drafts
DROP TABLE IF EXISTS phpbb_drafts;
CREATE TABLE `phpbb_drafts` (
  `draft_id` mediumint(8) unsigned NOT NULL AUTO_INCREMENT,
  `user_id` mediumint(8) unsigned NOT NULL DEFAULT '0',
  `topic_id` mediumint(8) unsigned NOT NULL DEFAULT '0',
  `forum_id` mediumint(8) unsigned NOT NULL DEFAULT '0',
  `save_time` int(11) unsigned NOT NULL DEFAULT '0',
  `draft_subject` varchar(255) COLLATE utf8_bin NOT NULL DEFAULT '',
  `draft_message` mediumtext COLLATE utf8_bin NOT NULL,
  PRIMARY KEY (`draft_id`),
  KEY `save_time` (`save_time`)
) ENGINE=MyISAM DEFAULT CHARSET=utf8 COLLATE=utf8_bin;

# Table: phpbb_extension_groups
DROP TABLE IF EXISTS phpbb_extension_groups;
CREATE TABLE `phpbb_extension_groups` (
  `group_id` mediumint(8) unsigned NOT NULL AUTO_INCREMENT,
  `group_name` varchar(255) COLLATE utf8_bin NOT NULL DEFAULT '',
  `cat_id` tinyint(2) NOT NULL DEFAULT '0',
  `allow_group` tinyint(1) unsigned NOT NULL DEFAULT '0',
  `download_mode` tinyint(1) unsigned NOT NULL DEFAULT '1',
  `upload_icon` varchar(255) COLLATE utf8_bin NOT NULL DEFAULT '',
  `max_filesize` int(20) unsigned NOT NULL DEFAULT '0',
  `allowed_forums` text COLLATE utf8_bin NOT NULL,
  `allow_in_pm` tinyint(1) unsigned NOT NULL DEFAULT '0',
  PRIMARY KEY (`group_id`)
) ENGINE=MyISAM AUTO_INCREMENT=10 DEFAULT CHARSET=utf8 COLLATE=utf8_bin;

INSERT INTO phpbb_extension_groups (group_id, group_name, cat_id, allow_group, download_mode, upload_icon, max_filesize, allowed_forums, allow_in_pm) VALUES (1, 'IMAGES', 1, 1, 1, '', 0, '', 0),(2, 'ARCHIVES', 0, 1, 1, '', 0, '', 0),(3, 'PLAIN_TEXT', 0, 0, 1, '', 0, '', 0),(4, 'DOCUMENTS', 0, 0, 1, '', 0, '', 0),(5, 'REAL_MEDIA', 3, 0, 1, '', 0, '', 0),(6, 'WINDOWS_MEDIA', 2, 0, 1, '', 0, '', 0),(7, 'FLASH_FILES', 5, 0, 1, '', 0, '', 0),(8, 'QUICKTIME_MEDIA', 6, 0, 1, '', 0, '', 0),(9, 'DOWNLOADABLE_FILES', 0, 0, 1, '', 0, '', 0);

# Table: phpbb_extensions
DROP TABLE IF EXISTS phpbb_extensions;
CREATE TABLE `phpbb_extensions` (
  `extension_id` mediumint(8) unsigned NOT NULL AUTO_INCREMENT,
  `group_id` mediumint(8) unsigned NOT NULL DEFAULT '0',
  `extension` varchar(100) COLLATE utf8_bin NOT NULL DEFAULT '',
  PRIMARY KEY (`extension_id`)
) ENGINE=MyISAM AUTO_INCREMENT=67 DEFAULT CHARSET=utf8 COLLATE=utf8_bin;

INSERT INTO phpbb_extensions (extension_id, group_id, extension) VALUES (1, 1, 'gif'),(2, 1, 'png'),(3, 1, 'jpeg'),(4, 1, 'jpg'),(5, 1, 'tif'),(6, 1, 'tiff'),(7, 1, 'tga'),(8, 2, 'gtar'),(9, 2, 'gz'),(10, 2, 'tar'),(11, 2, 'zip'),(12, 2, 'rar'),(13, 2, 'ace'),(14, 2, 'torrent'),(15, 2, 'tgz'),(16, 2, 'bz2'),(17, 2, '7z'),(18, 3, 'txt'),(19, 3, 'c'),(20, 3, 'h'),(21, 3, 'cpp'),(22, 3, 'hpp'),(23, 3, 'diz'),(24, 3, 'csv'),(25, 3, 'ini'),(26, 3, 'log'),(27, 3, 'js'),(28, 3, 'xml'),(29, 4, 'xls'),(30, 4, 'xlsx'),(31, 4, 'xlsm'),(32, 4, 'xlsb'),(33, 4, 'doc'),(34, 4, 'docx'),(35, 4, 'docm'),(36, 4, 'dot'),(37, 4, 'dotx'),(38, 4, 'dotm'),(39, 4, 'pdf'),(40, 4, 'ai'),(41, 4, 'ps'),(42, 4, 'ppt'),(43, 4, 'pptx'),(44, 4, 'pptm'),(45, 4, 'odg'),(46, 4, 'odp'),(47, 4, 'ods'),(48, 4, 'odt'),(49, 4, 'rtf'),(50, 5, 'rm'),(51, 5, 'ram'),(52, 6, 'wma'),(53, 6, 'wmv'),(54, 7, 'swf'),(55, 8, 'mov'),(56, 8, 'm4v'),(57, 8, 'm4a'),(58, 8, 'mp4'),(59, 8, '3gp'),(60, 8, '3g2'),(61, 8, 'qt'),(62, 9, 'mpeg'),(63, 9, 'mpg'),(64, 9, 'mp3'),(65, 9, 'ogg'),(66, 9, 'ogm');

# Table: phpbb_forums
DROP TABLE IF EXISTS phpbb_forums;
CREATE TABLE `phpbb_forums` (
  `forum_id` mediumint(8) unsigned NOT NULL AUTO_INCREMENT,
  `parent_id` mediumint(8) unsigned NOT NULL DEFAULT '0',
  `left_id` mediumint(8) unsigned NOT NULL DEFAULT '0',
  `right_id` mediumint(8) unsigned NOT NULL DEFAULT '0',
  `forum_parents` mediumtext COLLATE utf8_bin NOT NULL,
  `forum_name` varchar(255) COLLATE utf8_bin NOT NULL DEFAULT '',
  `forum_desc` text COLLATE utf8_bin NOT NULL,
  `forum_desc_bitfield` varchar(255) COLLATE utf8_bin NOT NULL DEFAULT '',
  `forum_desc_options` int(11) unsigned NOT NULL DEFAULT '7',
  `forum_desc_uid` varchar(8) COLLATE utf8_bin NOT NULL DEFAULT '',
  `forum_link` varchar(255) COLLATE utf8_bin NOT NULL DEFAULT '',
  `forum_password` varchar(40) COLLATE utf8_bin NOT NULL DEFAULT '',
  `forum_style` mediumint(8) unsigned NOT NULL DEFAULT '0',
  `forum_image` varchar(255) COLLATE utf8_bin NOT NULL DEFAULT '',
  `forum_rules` text COLLATE utf8_bin NOT NULL,
  `forum_rules_link` varchar(255) COLLATE utf8_bin NOT NULL DEFAULT '',
  `forum_rules_bitfield` varchar(255) COLLATE utf8_bin NOT NULL DEFAULT '',
  `forum_rules_options` int(11) unsigned NOT NULL DEFAULT '7',
  `forum_rules_uid` varchar(8) COLLATE utf8_bin NOT NULL DEFAULT '',
  `forum_topics_per_page` tinyint(4) NOT NULL DEFAULT '0',
  `forum_type` tinyint(4) NOT NULL DEFAULT '0',
  `forum_status` tinyint(4) NOT NULL DEFAULT '0',
  `forum_posts` mediumint(8) unsigned NOT NULL DEFAULT '0',
  `forum_topics` mediumint(8) unsigned NOT NULL DEFAULT '0',
  `forum_topics_real` mediumint(8) unsigned NOT NULL DEFAULT '0',
  `forum_last_post_id` mediumint(8) unsigned NOT NULL DEFAULT '0',
  `forum_last_poster_id` mediumint(8) unsigned NOT NULL DEFAULT '0',
  `forum_last_post_subject` varchar(255) COLLATE utf8_bin NOT NULL DEFAULT '',
  `forum_last_post_time` int(11) unsigned NOT NULL DEFAULT '0',
  `forum_last_poster_name` varchar(255) COLLATE utf8_bin NOT NULL DEFAULT '',
  `forum_last_poster_colour` varchar(6) COLLATE utf8_bin NOT NULL DEFAULT '',
  `forum_flags` tinyint(4) NOT NULL DEFAULT '32',
  `forum_options` int(20) unsigned NOT NULL DEFAULT '0',
  `display_subforum_list` tinyint(1) unsigned NOT NULL DEFAULT '1',
  `display_on_index` tinyint(1) unsigned NOT NULL DEFAULT '1',
  `enable_indexing` tinyint(1) unsigned NOT NULL DEFAULT '1',
  `enable_icons` tinyint(1) unsigned NOT NULL DEFAULT '1',
  `enable_prune` tinyint(1) unsigned NOT NULL DEFAULT '0',
  `prune_next` int(11) unsigned NOT NULL DEFAULT '0',
  `prune_days` mediumint(8) unsigned NOT NULL DEFAULT '0',
  `prune_viewed` mediumint(8) unsigned NOT NULL DEFAULT '0',
  `prune_freq` mediumint(8) unsigned NOT NULL DEFAULT '0',
  PRIMARY KEY (`forum_id`),
  KEY `left_right_id` (`left_id`,`right_id`),
  KEY `forum_lastpost_id` (`forum_last_post_id`)
) ENGINE=MyISAM AUTO_INCREMENT=7 DEFAULT CHARSET=utf8 COLLATE=utf8_bin;

INSERT INTO phpbb_forums (forum_id, parent_id, left_id, right_id, forum_parents, forum_name, forum_desc, forum_desc_bitfield, forum_desc_options, forum_desc_uid, forum_link, forum_password, forum_style, forum_image, forum_rules, forum_rules_link, forum_rules_bitfield, forum_rules_options, forum_rules_uid, forum_topics_per_page, forum_type, forum_status, forum_posts, forum_topics, forum_topics_real, forum_last_post_id, forum_last_poster_id, forum_last_post_subject, forum_last_post_time, forum_last_poster_name, forum_last_poster_colour, forum_flags, forum_options, display_subforum_list, display_on_index, enable_indexing, enable_icons, enable_prune, prune_next, prune_days, prune_viewed, prune_freq) VALUES (1, 0, 1, 2, '', 'Lagforum', '', '', 7, '', '', '', 0, '', '', '', '', 7, '', 0, 0, 0, 1, 1, 1, 1, 2, '', 1395251289, 'admin', 'AA0000', 32, 0, 1, 1, 1, 1, 0, 0, 0, 0, 0),(2, 0, 3, 4, '', 'Taktik och Strategier', 'Bombers Hockey gameplan.', '', 7, '', '', '', 0, '', '', '', '', 7, '', 0, 1, 0, 1, 1, 1, 1, 2, 'Welcome to phpBB3', 1395251289, 'admin', 'AA0000', 48, 0, 1, 1, 1, 1, 0, 0, 0, 0, 0),(3, 0, 5, 6, '', 'Professor Mackans Testcenter', 'Mackan går igenom myter och rön ang. Ice-Tilts och oboostade gubbar.', '', 7, '', '', '', 0, '', '', '', '', 7, '', 0, 1, 0, 0, 0, 0, 0, 0, '', 0, '', '', 48, 0, 1, 0, 1, 0, 0, 0, 7, 7, 1),(4, 0, 7, 8, '', 'Feedback till Hemsidan', 'Ser ni nått fel, vill ha nån ny funktion, tvekan inte att skriva.', '', 7, '', '', '', 0, '', '', '', '', 7, '', 0, 1, 0, 2, 1, 1, 11, 50, 'Re: TODO', 1398358846, 'Dexrion', '', 48, 0, 1, 0, 1, 0, 0, 0, 7, 7, 1),(5, 0, 9, 10, '', 'Playerbuilds och tips', 'Dela med er av era builds.', '', 7, '', '', '', 0, '', '', '', '', 7, '', 0, 1, 0, 4, 2, 2, 9, 49, 'Re: Z\'s 2way', 1398209196, 'ZHiTNiK', '', 48, 0, 1, 0, 1, 0, 0, 0, 7, 7, 1),(6, 0, 11, 12, '', 'Allmänt hockeysnack', 'Allt rörande hockey (NHL, SHL, Landslag mm)', '', 7, '', '', '', 0, '', '', '', '', 7, '', 0, 1, 0, 0, 0, 0, 0, 0, '', 0, '', '', 48, 0, 1, 0, 1, 0, 0, 0, 7, 7, 1);

# Table: phpbb_forums_access
DROP TABLE IF EXISTS phpbb_forums_access;
CREATE TABLE `phpbb_forums_access` (
  `forum_id` mediumint(8) unsigned NOT NULL DEFAULT '0',
  `user_id` mediumint(8) unsigned NOT NULL DEFAULT '0',
  `session_id` char(32) COLLATE utf8_bin NOT NULL DEFAULT '',
  PRIMARY KEY (`forum_id`,`user_id`,`session_id`)
) ENGINE=MyISAM DEFAULT CHARSET=utf8 COLLATE=utf8_bin;

# Table: phpbb_forums_track
DROP TABLE IF EXISTS phpbb_forums_track;
CREATE TABLE `phpbb_forums_track` (
  `user_id` mediumint(8) unsigned NOT NULL DEFAULT '0',
  `forum_id` mediumint(8) unsigned NOT NULL DEFAULT '0',
  `mark_time` int(11) unsigned NOT NULL DEFAULT '0',
  PRIMARY KEY (`user_id`,`forum_id`)
) ENGINE=MyISAM DEFAULT CHARSET=utf8 COLLATE=utf8_bin;

INSERT INTO phpbb_forums_track (user_id, forum_id, mark_time) VALUES (2, 2, 1395268912),(49, 2, 1395269556),(50, 2, 1395270986),(50, 5, 1398333423),(49, 5, 1398209196),(52, 5, 1395508843),(53, 4, 1398359575),(50, 4, 1398358846);

# Table: phpbb_forums_watch
DROP TABLE IF EXISTS phpbb_forums_watch;
CREATE TABLE `phpbb_forums_watch` (
  `forum_id` mediumint(8) unsigned NOT NULL DEFAULT '0',
  `user_id` mediumint(8) unsigned NOT NULL DEFAULT '0',
  `notify_status` tinyint(1) unsigned NOT NULL DEFAULT '0',
  KEY `forum_id` (`forum_id`),
  KEY `user_id` (`user_id`),
  KEY `notify_stat` (`notify_status`)
) ENGINE=MyISAM DEFAULT CHARSET=utf8 COLLATE=utf8_bin;

# Table: phpbb_groups
DROP TABLE IF EXISTS phpbb_groups;
CREATE TABLE `phpbb_groups` (
  `group_id` mediumint(8) unsigned NOT NULL AUTO_INCREMENT,
  `group_type` tinyint(4) NOT NULL DEFAULT '1',
  `group_founder_manage` tinyint(1) unsigned NOT NULL DEFAULT '0',
  `group_skip_auth` tinyint(1) unsigned NOT NULL DEFAULT '0',
  `group_name` varchar(255) COLLATE utf8_bin NOT NULL DEFAULT '',
  `group_desc` text COLLATE utf8_bin NOT NULL,
  `group_desc_bitfield` varchar(255) COLLATE utf8_bin NOT NULL DEFAULT '',
  `group_desc_options` int(11) unsigned NOT NULL DEFAULT '7',
  `group_desc_uid` varchar(8) COLLATE utf8_bin NOT NULL DEFAULT '',
  `group_display` tinyint(1) unsigned NOT NULL DEFAULT '0',
  `group_avatar` varchar(255) COLLATE utf8_bin NOT NULL DEFAULT '',
  `group_avatar_type` tinyint(2) NOT NULL DEFAULT '0',
  `group_avatar_width` smallint(4) unsigned NOT NULL DEFAULT '0',
  `group_avatar_height` smallint(4) unsigned NOT NULL DEFAULT '0',
  `group_rank` mediumint(8) unsigned NOT NULL DEFAULT '0',
  `group_colour` varchar(6) COLLATE utf8_bin NOT NULL DEFAULT '',
  `group_sig_chars` mediumint(8) unsigned NOT NULL DEFAULT '0',
  `group_receive_pm` tinyint(1) unsigned NOT NULL DEFAULT '0',
  `group_message_limit` mediumint(8) unsigned NOT NULL DEFAULT '0',
  `group_max_recipients` mediumint(8) unsigned NOT NULL DEFAULT '0',
  `group_legend` tinyint(1) unsigned NOT NULL DEFAULT '1',
  PRIMARY KEY (`group_id`),
  KEY `group_legend_name` (`group_legend`,`group_name`)
) ENGINE=MyISAM AUTO_INCREMENT=8 DEFAULT CHARSET=utf8 COLLATE=utf8_bin;

INSERT INTO phpbb_groups (group_id, group_type, group_founder_manage, group_skip_auth, group_name, group_desc, group_desc_bitfield, group_desc_options, group_desc_uid, group_display, group_avatar, group_avatar_type, group_avatar_width, group_avatar_height, group_rank, group_colour, group_sig_chars, group_receive_pm, group_message_limit, group_max_recipients, group_legend) VALUES (1, 3, 0, 0, 'GUESTS', '', '', 7, '', 0, '', 0, 0, 0, 0, '', 0, 0, 0, 5, 0),(2, 3, 0, 0, 'REGISTERED', '', '', 7, '', 0, '', 0, 0, 0, 0, '', 0, 0, 0, 5, 0),(3, 3, 0, 0, 'REGISTERED_COPPA', '', '', 7, '', 0, '', 0, 0, 0, 0, '', 0, 0, 0, 5, 0),(4, 3, 0, 0, 'GLOBAL_MODERATORS', '', '', 7, '', 0, '', 0, 0, 0, 0, '00AA00', 0, 0, 0, 0, 1),(5, 3, 1, 0, 'ADMINISTRATORS', '', '', 7, '', 0, '', 0, 0, 0, 0, 'AA0000', 0, 0, 0, 0, 1),(6, 3, 0, 0, 'BOTS', '', '', 7, '', 0, '', 0, 0, 0, 0, '9E8DA7', 0, 0, 0, 5, 0),(7, 3, 0, 0, 'NEWLY_REGISTERED', '', '', 7, '', 0, '', 0, 0, 0, 0, '', 0, 0, 0, 5, 0);

# Table: phpbb_icons
DROP TABLE IF EXISTS phpbb_icons;
CREATE TABLE `phpbb_icons` (
  `icons_id` mediumint(8) unsigned NOT NULL AUTO_INCREMENT,
  `icons_url` varchar(255) COLLATE utf8_bin NOT NULL DEFAULT '',
  `icons_width` tinyint(4) NOT NULL DEFAULT '0',
  `icons_height` tinyint(4) NOT NULL DEFAULT '0',
  `icons_order` mediumint(8) unsigned NOT NULL DEFAULT '0',
  `display_on_posting` tinyint(1) unsigned NOT NULL DEFAULT '1',
  PRIMARY KEY (`icons_id`),
  KEY `display_on_posting` (`display_on_posting`)
) ENGINE=MyISAM AUTO_INCREMENT=11 DEFAULT CHARSET=utf8 COLLATE=utf8_bin;

INSERT INTO phpbb_icons (icons_id, icons_url, icons_width, icons_height, icons_order, display_on_posting) VALUES (1, 'misc/fire.gif', 16, 16, 1, 1),(2, 'smile/redface.gif', 16, 16, 9, 1),(3, 'smile/mrgreen.gif', 16, 16, 10, 1),(4, 'misc/heart.gif', 16, 16, 4, 1),(5, 'misc/star.gif', 16, 16, 2, 1),(6, 'misc/radioactive.gif', 16, 16, 3, 1),(7, 'misc/thinking.gif', 16, 16, 5, 1),(8, 'smile/info.gif', 16, 16, 8, 1),(9, 'smile/question.gif', 16, 16, 6, 1),(10, 'smile/alert.gif', 16, 16, 7, 1);

# Table: phpbb_lang
DROP TABLE IF EXISTS phpbb_lang;
CREATE TABLE `phpbb_lang` (
  `lang_id` tinyint(4) NOT NULL AUTO_INCREMENT,
  `lang_iso` varchar(30) COLLATE utf8_bin NOT NULL DEFAULT '',
  `lang_dir` varchar(30) COLLATE utf8_bin NOT NULL DEFAULT '',
  `lang_english_name` varchar(100) COLLATE utf8_bin NOT NULL DEFAULT '',
  `lang_local_name` varchar(255) COLLATE utf8_bin NOT NULL DEFAULT '',
  `lang_author` varchar(255) COLLATE utf8_bin NOT NULL DEFAULT '',
  PRIMARY KEY (`lang_id`),
  KEY `lang_iso` (`lang_iso`)
) ENGINE=MyISAM AUTO_INCREMENT=2 DEFAULT CHARSET=utf8 COLLATE=utf8_bin;

INSERT INTO phpbb_lang (lang_id, lang_iso, lang_dir, lang_english_name, lang_local_name, lang_author) VALUES (1, 'en', 'en', 'British English', 'British English', 'phpBB Group');

# Table: phpbb_log
DROP TABLE IF EXISTS phpbb_log;
CREATE TABLE `phpbb_log` (
  `log_id` mediumint(8) unsigned NOT NULL AUTO_INCREMENT,
  `log_type` tinyint(4) NOT NULL DEFAULT '0',
  `user_id` mediumint(8) unsigned NOT NULL DEFAULT '0',
  `forum_id` mediumint(8) unsigned NOT NULL DEFAULT '0',
  `topic_id` mediumint(8) unsigned NOT NULL DEFAULT '0',
  `reportee_id` mediumint(8) unsigned NOT NULL DEFAULT '0',
  `log_ip` varchar(40) COLLATE utf8_bin NOT NULL DEFAULT '',
  `log_time` int(11) unsigned NOT NULL DEFAULT '0',
  `log_operation` text COLLATE utf8_bin NOT NULL,
  `log_data` mediumtext COLLATE utf8_bin NOT NULL,
  PRIMARY KEY (`log_id`),
  KEY `log_type` (`log_type`),
  KEY `forum_id` (`forum_id`),
  KEY `topic_id` (`topic_id`),
  KEY `reportee_id` (`reportee_id`),
  KEY `user_id` (`user_id`)
) ENGINE=MyISAM AUTO_INCREMENT=61 DEFAULT CHARSET=utf8 COLLATE=utf8_bin;

INSERT INTO phpbb_log (log_id, log_type, user_id, forum_id, topic_id, reportee_id, log_ip, log_time, log_operation, log_data) VALUES (1, 0, 2, 0, 0, 0, '83.255.67.102', 1395251337, 'LOG_INSTALL_INSTALLED', 'a:1:{i:0;s:6:\"3.0.12\";}'),(2, 0, 2, 0, 0, 0, '83.255.67.102', 1395253107, 'LOG_TEMPLATE_ADD_FS', 'a:1:{i:0;s:8:\"CA Black\";}'),(3, 0, 2, 0, 0, 0, '83.255.67.102', 1395253107, 'LOG_THEME_ADD_DB', 'a:1:{i:0;s:8:\"CA Black\";}'),(4, 0, 2, 0, 0, 0, '83.255.67.102', 1395253108, 'LOG_IMAGESET_ADD_FS', 'a:1:{i:0;s:8:\"CA Black\";}'),(5, 0, 2, 0, 0, 0, '83.255.67.102', 1395253108, 'LOG_STYLE_ADD', 'a:1:{i:0;s:8:\"CA Black\";}'),(6, 0, 2, 0, 0, 0, '83.255.69.255', 1395268613, 'LOG_ADMIN_AUTH_SUCCESS', ''),(7, 0, 2, 0, 0, 0, '83.255.69.255', 1395268649, 'LOG_USER_USER_UPDATE', 'a:1:{i:0;s:7:\"Dexrion\";}'),(8, 0, 2, 0, 0, 0, '83.255.69.255', 1395268678, 'LOG_USER_USER_UPDATE', 'a:1:{i:0;s:7:\"ZHiTNiK\";}'),(9, 0, 2, 0, 0, 0, '83.255.69.255', 1395268726, 'LOG_ACL_ADD_USER_GLOBAL_U_', 'a:1:{i:0;s:7:\"Dexrion\";}'),(10, 0, 2, 0, 0, 0, '83.255.69.255', 1395268741, 'LOG_ACL_ADD_USER_GLOBAL_U_', 'a:1:{i:0;s:8:\"Herkie82\";}'),(11, 0, 2, 0, 0, 0, '83.255.69.255', 1395268754, 'LOG_ACL_ADD_USER_GLOBAL_U_', 'a:1:{i:0;s:7:\"ZHiTNiK\";}'),(12, 0, 2, 0, 0, 0, '83.255.69.255', 1395268859, 'LOG_ACL_TRANSFER_PERMISSIONS', 'a:1:{i:0;s:7:\"Dexrion\";}'),(13, 0, 2, 0, 0, 0, '83.255.69.255', 1395268873, 'LOG_ACL_RESTORE_PERMISSIONS', 'a:1:{i:0;s:7:\"Dexrion\";}'),(14, 1, 2, 2, 2, 0, '83.255.69.255', 1395268897, 'LOG_TOPIC_APPROVED', 'a:1:{i:0;s:12:\"Jippiehallon\";}'),(15, 1, 2, 2, 1, 0, '83.255.69.255', 1395268903, 'LOG_POST_DISAPPROVED', 'a:2:{i:0;s:21:\"Re: Welcome to phpBB3\";i:1;s:58:\"The message contains links to illegal or pirated software.\";}'),(16, 1, 2, 2, 1, 0, '83.255.69.255', 1395268903, 'LOG_POST_DISAPPROVED', 'a:2:{i:0;s:21:\"Re: Welcome to phpBB3\";i:1;s:58:\"The message contains links to illegal or pirated software.\";}'),(17, 1, 2, 2, 1, 0, '83.255.69.255', 1395268903, 'LOG_POST_DISAPPROVED', 'a:2:{i:0;s:21:\"Re: Welcome to phpBB3\";i:1;s:58:\"The message contains links to illegal or pirated software.\";}'),(18, 0, 2, 0, 0, 0, '83.255.69.255', 1395268943, 'LOG_ADMIN_AUTH_SUCCESS', ''),(19, 0, 2, 0, 0, 0, '83.255.69.255', 1395269017, 'LOG_USERS_ADDED', 'a:2:{i:0;s:14:\"Administrators\";i:1;s:16:\"Dexrion, ZHiTNiK\";}'),(20, 0, 2, 0, 0, 0, '83.255.69.255', 1395269170, 'LOG_ACL_TRANSFER_PERMISSIONS', 'a:1:{i:0;s:7:\"Dexrion\";}'),(21, 0, 2, 0, 0, 0, '83.255.69.255', 1395269239, 'LOG_ACL_RESTORE_PERMISSIONS', 'a:1:{i:0;s:7:\"Dexrion\";}'),(22, 0, 2, 0, 0, 0, '83.255.69.255', 1395269715, 'LOG_ADMIN_AUTH_SUCCESS', ''),(23, 0, 2, 0, 0, 0, '83.255.69.255', 1395269767, 'LOG_IMAGESET_EDIT', 'a:1:{i:0;s:8:\"CA Black\";}'),(24, 0, 50, 0, 0, 0, '83.255.69.255', 1395397808, 'LOG_ADMIN_AUTH_SUCCESS', ''),(25, 0, 50, 0, 0, 0, '83.255.69.255', 1395397925, 'LOG_FORUM_EDIT', 'a:1:{i:0;s:8:\"Lagforum\";}'),(26, 0, 50, 0, 0, 0, '83.255.69.255', 1395398194, 'LOG_FORUM_EDIT', 'a:1:{i:0;s:21:\"Taktik och Strategier\";}'),(27, 0, 50, 0, 0, 0, '83.255.69.255', 1395398627, 'LOG_FORUM_ADD', 'a:1:{i:0;s:14:\"Mackans Hörna\";}'),(28, 0, 50, 0, 0, 0, '83.255.69.255', 1395398674, 'LOG_ACL_ADD_FORUM_LOCAL_F_', 'a:2:{i:0;s:14:\"Mackans Hörna\";i:1;s:82:\"<span class=\"sep\">Registered users</span>, <span class=\"sep\">Administrators</span>\";}'),(29, 0, 50, 0, 0, 0, '83.255.69.255', 1395399654, 'LOG_FORUM_ADD', 'a:1:{i:0;s:22:\"Feedback till Hemsidan\";}'),(30, 0, 50, 0, 0, 0, '83.255.69.255', 1395399654, 'LOG_FORUM_COPIED_PERMISSIONS', 'a:2:{i:0;s:14:\"Mackans Hörna\";i:1;s:22:\"Feedback till Hemsidan\";}'),(31, 0, 50, 0, 0, 0, '83.255.69.255', 1395399859, 'LOG_FORUM_ADD', 'a:1:{i:0;s:21:\"Playerbuilds och tips\";}'),(32, 0, 50, 0, 0, 0, '83.255.69.255', 1395399859, 'LOG_FORUM_COPIED_PERMISSIONS', 'a:2:{i:0;s:14:\"Mackans Hörna\";i:1;s:21:\"Playerbuilds och tips\";}'),(33, 0, 50, 0, 0, 0, '83.255.69.255', 1395399931, 'LOG_FORUM_ADD', 'a:1:{i:0;s:20:\"Allmänt hockeysnack\";}'),(34, 0, 50, 0, 0, 0, '83.255.69.255', 1395399931, 'LOG_FORUM_COPIED_PERMISSIONS', 'a:2:{i:0;s:14:\"Mackans Hörna\";i:1;s:20:\"Allmänt hockeysnack\";}'),(35, 0, 50, 0, 0, 0, '83.255.69.255', 1395400019, 'LOG_FORUM_EDIT', 'a:1:{i:0;s:21:\"Playerbuilds och tips\";}'),(36, 0, 50, 0, 0, 0, '83.255.69.255', 1395400019, 'LOG_FORUM_EDIT', 'a:1:{i:0;s:21:\"Playerbuilds och tips\";}'),(37, 0, 50, 0, 0, 0, '83.255.69.255', 1395400074, 'LOG_FORUM_EDIT', 'a:1:{i:0;s:14:\"Mackans Hörna\";}'),(38, 0, 50, 0, 0, 0, '83.255.69.255', 1395400112, 'LOG_FORUM_EDIT', 'a:1:{i:0;s:22:\"Feedback till Hemsidan\";}'),(39, 0, 50, 0, 0, 0, '83.255.69.255', 1395400135, 'LOG_FORUM_EDIT', 'a:1:{i:0;s:21:\"Taktik och Strategier\";}'),(40, 0, 50, 0, 0, 0, '83.255.69.255', 1395400798, 'LOG_ACL_ADD_USER_GLOBAL_U_', 'a:1:{i:0;s:7:\"Zlappie\";}'),(41, 0, 50, 0, 0, 0, '83.255.69.255', 1395404418, 'LOG_ACL_ADD_USER_GLOBAL_U_', 'a:1:{i:0;s:6:\"mackan\";}'),(42, 0, 50, 0, 0, 0, '83.255.69.255', 1395405417, 'LOG_FORUM_EDIT', 'a:1:{i:0;s:28:\"Professor Mackans Testcenter\";}'),(43, 0, 50, 0, 0, 0, '83.255.69.255', 1395419677, 'LOG_ADMIN_AUTH_SUCCESS', ''),(44, 0, 50, 0, 0, 0, '83.255.69.255', 1395420034, 'LOG_ACL_ADD_USER_GLOBAL_U_', 'a:1:{i:0;s:10:\"Sork Pippi\";}'),(45, 0, 50, 0, 0, 0, '83.255.69.255', 1395420244, 'LOG_IMAGESET_EDIT', 'a:1:{i:0;s:8:\"CA Black\";}'),(46, 0, 50, 0, 0, 0, '83.255.69.255', 1395421323, 'LOG_IMAGESET_EDIT', 'a:1:{i:0;s:8:\"CA Black\";}'),(47, 0, 50, 0, 0, 0, '83.255.69.255', 1395421337, 'LOG_IMAGESET_EDIT', 'a:1:{i:0;s:8:\"CA Black\";}'),(48, 0, 50, 0, 0, 0, '83.255.69.255', 1395475521, 'LOG_ADMIN_AUTH_SUCCESS', ''),(49, 0, 50, 0, 0, 0, '83.255.69.255', 1395475577, 'LOG_ACL_ADD_USER_GLOBAL_U_', 'a:1:{i:0;s:4:\"bede\";}'),(50, 0, 50, 0, 0, 0, '83.255.69.255', 1395515841, 'LOG_ADMIN_AUTH_SUCCESS', ''),(51, 0, 50, 0, 0, 0, '83.255.69.255', 1395515890, 'LOG_FORUM_EDIT', 'a:1:{i:0;s:21:\"Taktik och Strategier\";}'),(52, 0, 50, 0, 0, 0, '83.255.69.255', 1395515890, 'LOG_FORUM_COPIED_PERMISSIONS', 'a:2:{i:0;s:22:\"Feedback till Hemsidan\";i:1;s:21:\"Taktik och Strategier\";}'),(53, 1, 50, 2, 2, 0, '83.255.69.255', 1395650459, 'LOG_DELETE_TOPIC', 'a:2:{i:0;s:12:\"Jippiehallon\";i:1;s:7:\"Dexrion\";}'),(54, 0, 50, 0, 0, 0, '83.255.69.255', 1395672082, 'LOG_ADMIN_AUTH_SUCCESS', ''),(55, 0, 50, 0, 0, 0, '83.255.69.255', 1395672154, 'LOG_ACL_ADD_USER_LOCAL_F_', 'a:2:{i:0;s:130:\"Lagforum, Taktik och Strategier, Professor Mackans Testcenter, Feedback till Hemsidan, Playerbuilds och tips, Allmänt hockeysnack\";i:1;s:12:\"Foppatofflan\";}'),(56, 0, 2, 0, 0, 0, '83.255.65.252', 1398522466, 'LOG_ADMIN_AUTH_SUCCESS', ''),(57, 0, 2, 0, 0, 0, '83.255.65.252', 1398522776, 'LOG_CONFIG_COOKIE', ''),(58, 0, 2, 0, 0, 0, '83.255.65.252', 1398625984, 'LOG_ADMIN_AUTH_SUCCESS', ''),(59, 0, 2, 0, 0, 0, '83.255.65.252', 1398626019, 'LOG_DB_BACKUP', ''),(60, 0, 2, 0, 0, 0, '83.255.65.252', 1398628790, 'LOG_DB_BACKUP', '');

# Table: phpbb_login_attempts
DROP TABLE IF EXISTS phpbb_login_attempts;
CREATE TABLE `phpbb_login_attempts` (
  `attempt_ip` varchar(40) COLLATE utf8_bin NOT NULL DEFAULT '',
  `attempt_browser` varchar(150) COLLATE utf8_bin NOT NULL DEFAULT '',
  `attempt_forwarded_for` varchar(255) COLLATE utf8_bin NOT NULL DEFAULT '',
  `attempt_time` int(11) unsigned NOT NULL DEFAULT '0',
  `user_id` mediumint(8) unsigned NOT NULL DEFAULT '0',
  `username` varchar(255) COLLATE utf8_bin NOT NULL DEFAULT '0',
  `username_clean` varchar(255) COLLATE utf8_bin NOT NULL DEFAULT '0',
  KEY `att_ip` (`attempt_ip`,`attempt_time`),
  KEY `att_for` (`attempt_forwarded_for`,`attempt_time`),
  KEY `att_time` (`attempt_time`),
  KEY `user_id` (`user_id`)
) ENGINE=MyISAM DEFAULT CHARSET=utf8 COLLATE=utf8_bin;

# Table: phpbb_moderator_cache
DROP TABLE IF EXISTS phpbb_moderator_cache;
CREATE TABLE `phpbb_moderator_cache` (
  `forum_id` mediumint(8) unsigned NOT NULL DEFAULT '0',
  `user_id` mediumint(8) unsigned NOT NULL DEFAULT '0',
  `username` varchar(255) COLLATE utf8_bin NOT NULL DEFAULT '',
  `group_id` mediumint(8) unsigned NOT NULL DEFAULT '0',
  `group_name` varchar(255) COLLATE utf8_bin NOT NULL DEFAULT '',
  `display_on_index` tinyint(1) unsigned NOT NULL DEFAULT '1',
  KEY `disp_idx` (`display_on_index`),
  KEY `forum_id` (`forum_id`)
) ENGINE=MyISAM DEFAULT CHARSET=utf8 COLLATE=utf8_bin;

# Table: phpbb_modules
DROP TABLE IF EXISTS phpbb_modules;
CREATE TABLE `phpbb_modules` (
  `module_id` mediumint(8) unsigned NOT NULL AUTO_INCREMENT,
  `module_enabled` tinyint(1) unsigned NOT NULL DEFAULT '1',
  `module_display` tinyint(1) unsigned NOT NULL DEFAULT '1',
  `module_basename` varchar(255) COLLATE utf8_bin NOT NULL DEFAULT '',
  `module_class` varchar(10) COLLATE utf8_bin NOT NULL DEFAULT '',
  `parent_id` mediumint(8) unsigned NOT NULL DEFAULT '0',
  `left_id` mediumint(8) unsigned NOT NULL DEFAULT '0',
  `right_id` mediumint(8) unsigned NOT NULL DEFAULT '0',
  `module_langname` varchar(255) COLLATE utf8_bin NOT NULL DEFAULT '',
  `module_mode` varchar(255) COLLATE utf8_bin NOT NULL DEFAULT '',
  `module_auth` varchar(255) COLLATE utf8_bin NOT NULL DEFAULT '',
  PRIMARY KEY (`module_id`),
  KEY `left_right_id` (`left_id`,`right_id`),
  KEY `module_enabled` (`module_enabled`),
  KEY `class_left_id` (`module_class`,`left_id`)
) ENGINE=MyISAM AUTO_INCREMENT=199 DEFAULT CHARSET=utf8 COLLATE=utf8_bin;

INSERT INTO phpbb_modules (module_id, module_enabled, module_display, module_basename, module_class, parent_id, left_id, right_id, module_langname, module_mode, module_auth) VALUES (1, 1, 1, '', 'acp', 0, 1, 64, 'ACP_CAT_GENERAL', '', ''),(2, 1, 1, '', 'acp', 1, 4, 17, 'ACP_QUICK_ACCESS', '', ''),(3, 1, 1, '', 'acp', 1, 18, 41, 'ACP_BOARD_CONFIGURATION', '', ''),(4, 1, 1, '', 'acp', 1, 42, 49, 'ACP_CLIENT_COMMUNICATION', '', ''),(5, 1, 1, '', 'acp', 1, 50, 63, 'ACP_SERVER_CONFIGURATION', '', ''),(6, 1, 1, '', 'acp', 0, 65, 84, 'ACP_CAT_FORUMS', '', ''),(7, 1, 1, '', 'acp', 6, 66, 71, 'ACP_MANAGE_FORUMS', '', ''),(8, 1, 1, '', 'acp', 6, 72, 83, 'ACP_FORUM_BASED_PERMISSIONS', '', ''),(9, 1, 1, '', 'acp', 0, 85, 110, 'ACP_CAT_POSTING', '', ''),(10, 1, 1, '', 'acp', 9, 86, 99, 'ACP_MESSAGES', '', ''),(11, 1, 1, '', 'acp', 9, 100, 109, 'ACP_ATTACHMENTS', '', ''),(12, 1, 1, '', 'acp', 0, 111, 166, 'ACP_CAT_USERGROUP', '', ''),(13, 1, 1, '', 'acp', 12, 112, 145, 'ACP_CAT_USERS', '', ''),(14, 1, 1, '', 'acp', 12, 146, 153, 'ACP_GROUPS', '', ''),(15, 1, 1, '', 'acp', 12, 154, 165, 'ACP_USER_SECURITY', '', ''),(16, 1, 1, '', 'acp', 0, 167, 216, 'ACP_CAT_PERMISSIONS', '', ''),(17, 1, 1, '', 'acp', 16, 170, 179, 'ACP_GLOBAL_PERMISSIONS', '', ''),(18, 1, 1, '', 'acp', 16, 180, 191, 'ACP_FORUM_BASED_PERMISSIONS', '', ''),(19, 1, 1, '', 'acp', 16, 192, 201, 'ACP_PERMISSION_ROLES', '', ''),(20, 1, 1, '', 'acp', 16, 202, 215, 'ACP_PERMISSION_MASKS', '', ''),(21, 1, 1, '', 'acp', 0, 217, 230, 'ACP_CAT_STYLES', '', ''),(22, 1, 1, '', 'acp', 21, 218, 221, 'ACP_STYLE_MANAGEMENT', '', ''),(23, 1, 1, '', 'acp', 21, 222, 229, 'ACP_STYLE_COMPONENTS', '', ''),(24, 1, 1, '', 'acp', 0, 231, 250, 'ACP_CAT_MAINTENANCE', '', ''),(25, 1, 1, '', 'acp', 24, 232, 241, 'ACP_FORUM_LOGS', '', ''),(26, 1, 1, '', 'acp', 24, 242, 249, 'ACP_CAT_DATABASE', '', ''),(27, 1, 1, '', 'acp', 0, 251, 276, 'ACP_CAT_SYSTEM', '', ''),(28, 1, 1, '', 'acp', 27, 252, 255, 'ACP_AUTOMATION', '', ''),(29, 1, 1, '', 'acp', 27, 256, 267, 'ACP_GENERAL_TASKS', '', ''),(30, 1, 1, '', 'acp', 27, 268, 275, 'ACP_MODULE_MANAGEMENT', '', ''),(31, 1, 1, '', 'acp', 0, 277, 278, 'ACP_CAT_DOT_MODS', '', ''),(32, 1, 1, 'attachments', 'acp', 3, 19, 20, 'ACP_ATTACHMENT_SETTINGS', 'attach', 'acl_a_attach'),(33, 1, 1, 'attachments', 'acp', 11, 101, 102, 'ACP_ATTACHMENT_SETTINGS', 'attach', 'acl_a_attach'),(34, 1, 1, 'attachments', 'acp', 11, 103, 104, 'ACP_MANAGE_EXTENSIONS', 'extensions', 'acl_a_attach'),(35, 1, 1, 'attachments', 'acp', 11, 105, 106, 'ACP_EXTENSION_GROUPS', 'ext_groups', 'acl_a_attach'),(36, 1, 1, 'attachments', 'acp', 11, 107, 108, 'ACP_ORPHAN_ATTACHMENTS', 'orphan', 'acl_a_attach'),(37, 1, 1, 'ban', 'acp', 15, 155, 156, 'ACP_BAN_EMAILS', 'email', 'acl_a_ban'),(38, 1, 1, 'ban', 'acp', 15, 157, 158, 'ACP_BAN_IPS', 'ip', 'acl_a_ban'),(39, 1, 1, 'ban', 'acp', 15, 159, 160, 'ACP_BAN_USERNAMES', 'user', 'acl_a_ban'),(40, 1, 1, 'bbcodes', 'acp', 10, 87, 88, 'ACP_BBCODES', 'bbcodes', 'acl_a_bbcode'),(41, 1, 1, 'board', 'acp', 3, 21, 22, 'ACP_BOARD_SETTINGS', 'settings', 'acl_a_board'),(42, 1, 1, 'board', 'acp', 3, 23, 24, 'ACP_BOARD_FEATURES', 'features', 'acl_a_board'),(43, 1, 1, 'board', 'acp', 3, 25, 26, 'ACP_AVATAR_SETTINGS', 'avatar', 'acl_a_board'),(44, 1, 1, 'board', 'acp', 3, 27, 28, 'ACP_MESSAGE_SETTINGS', 'message', 'acl_a_board'),(45, 1, 1, 'board', 'acp', 10, 89, 90, 'ACP_MESSAGE_SETTINGS', 'message', 'acl_a_board'),(46, 1, 1, 'board', 'acp', 3, 29, 30, 'ACP_POST_SETTINGS', 'post', 'acl_a_board'),(47, 1, 1, 'board', 'acp', 10, 91, 92, 'ACP_POST_SETTINGS', 'post', 'acl_a_board'),(48, 1, 1, 'board', 'acp', 3, 31, 32, 'ACP_SIGNATURE_SETTINGS', 'signature', 'acl_a_board'),(49, 1, 1, 'board', 'acp', 3, 33, 34, 'ACP_FEED_SETTINGS', 'feed', 'acl_a_board'),(50, 1, 1, 'board', 'acp', 3, 35, 36, 'ACP_REGISTER_SETTINGS', 'registration', 'acl_a_board'),(51, 1, 1, 'board', 'acp', 4, 43, 44, 'ACP_AUTH_SETTINGS', 'auth', 'acl_a_server'),(52, 1, 1, 'board', 'acp', 4, 45, 46, 'ACP_EMAIL_SETTINGS', 'email', 'acl_a_server'),(53, 1, 1, 'board', 'acp', 5, 51, 52, 'ACP_COOKIE_SETTINGS', 'cookie', 'acl_a_server'),(54, 1, 1, 'board', 'acp', 5, 53, 54, 'ACP_SERVER_SETTINGS', 'server', 'acl_a_server'),(55, 1, 1, 'board', 'acp', 5, 55, 56, 'ACP_SECURITY_SETTINGS', 'security', 'acl_a_server'),(56, 1, 1, 'board', 'acp', 5, 57, 58, 'ACP_LOAD_SETTINGS', 'load', 'acl_a_server'),(57, 1, 1, 'bots', 'acp', 29, 257, 258, 'ACP_BOTS', 'bots', 'acl_a_bots'),(58, 1, 1, 'captcha', 'acp', 3, 37, 38, 'ACP_VC_SETTINGS', 'visual', 'acl_a_board'),(59, 1, 0, 'captcha', 'acp', 3, 39, 40, 'ACP_VC_CAPTCHA_DISPLAY', 'img', 'acl_a_board'),(60, 1, 1, 'database', 'acp', 26, 243, 244, 'ACP_BACKUP', 'backup', 'acl_a_backup'),(61, 1, 1, 'database', 'acp', 26, 245, 246, 'ACP_RESTORE', 'restore', 'acl_a_backup'),(62, 1, 1, 'disallow', 'acp', 15, 161, 162, 'ACP_DISALLOW_USERNAMES', 'usernames', 'acl_a_names'),(63, 1, 1, 'email', 'acp', 29, 259, 260, 'ACP_MASS_EMAIL', 'email', 'acl_a_email && cfg_email_enable'),(64, 1, 1, 'forums', 'acp', 7, 67, 68, 'ACP_MANAGE_FORUMS', 'manage', 'acl_a_forum'),(65, 1, 1, 'groups', 'acp', 14, 147, 148, 'ACP_GROUPS_MANAGE', 'manage', 'acl_a_group'),(66, 1, 1, 'icons', 'acp', 10, 93, 94, 'ACP_ICONS', 'icons', 'acl_a_icons'),(67, 1, 1, 'icons', 'acp', 10, 95, 96, 'ACP_SMILIES', 'smilies', 'acl_a_icons'),(68, 1, 1, 'inactive', 'acp', 13, 115, 116, 'ACP_INACTIVE_USERS', 'list', 'acl_a_user'),(69, 1, 1, 'jabber', 'acp', 4, 47, 48, 'ACP_JABBER_SETTINGS', 'settings', 'acl_a_jabber'),(70, 1, 1, 'language', 'acp', 29, 261, 262, 'ACP_LANGUAGE_PACKS', 'lang_packs', 'acl_a_language'),(71, 1, 1, 'logs', 'acp', 25, 233, 234, 'ACP_ADMIN_LOGS', 'admin', 'acl_a_viewlogs'),(72, 1, 1, 'logs', 'acp', 25, 235, 236, 'ACP_MOD_LOGS', 'mod', 'acl_a_viewlogs'),(73, 1, 1, 'logs', 'acp', 25, 237, 238, 'ACP_USERS_LOGS', 'users', 'acl_a_viewlogs'),(74, 1, 1, 'logs', 'acp', 25, 239, 240, 'ACP_CRITICAL_LOGS', 'critical', 'acl_a_viewlogs'),(75, 1, 1, 'main', 'acp', 1, 2, 3, 'ACP_INDEX', 'main', ''),(76, 1, 1, 'modules', 'acp', 30, 269, 270, 'ACP', 'acp', 'acl_a_modules'),(77, 1, 1, 'modules', 'acp', 30, 271, 272, 'UCP', 'ucp', 'acl_a_modules'),(78, 1, 1, 'modules', 'acp', 30, 273, 274, 'MCP', 'mcp', 'acl_a_modules'),(79, 1, 1, 'permission_roles', 'acp', 19, 193, 194, 'ACP_ADMIN_ROLES', 'admin_roles', 'acl_a_roles && acl_a_aauth'),(80, 1, 1, 'permission_roles', 'acp', 19, 195, 196, 'ACP_USER_ROLES', 'user_roles', 'acl_a_roles && acl_a_uauth'),(81, 1, 1, 'permission_roles', 'acp', 19, 197, 198, 'ACP_MOD_ROLES', 'mod_roles', 'acl_a_roles && acl_a_mauth'),(82, 1, 1, 'permission_roles', 'acp', 19, 199, 200, 'ACP_FORUM_ROLES', 'forum_roles', 'acl_a_roles && acl_a_fauth'),(83, 1, 1, 'permissions', 'acp', 16, 168, 169, 'ACP_PERMISSIONS', 'intro', 'acl_a_authusers || acl_a_authgroups || acl_a_viewauth'),(84, 1, 0, 'permissions', 'acp', 20, 203, 204, 'ACP_PERMISSION_TRACE', 'trace', 'acl_a_viewauth'),(85, 1, 1, 'permissions', 'acp', 18, 181, 182, 'ACP_FORUM_PERMISSIONS', 'setting_forum_local', 'acl_a_fauth && (acl_a_authusers || acl_a_authgroups)'),(86, 1, 1, 'permissions', 'acp', 18, 183, 184, 'ACP_FORUM_PERMISSIONS_COPY', 'setting_forum_copy', 'acl_a_fauth && acl_a_authusers && acl_a_authgroups && acl_a_mauth'),(87, 1, 1, 'permissions', 'acp', 18, 185, 186, 'ACP_FORUM_MODERATORS', 'setting_mod_local', 'acl_a_mauth && (acl_a_authusers || acl_a_authgroups)'),(88, 1, 1, 'permissions', 'acp', 17, 171, 172, 'ACP_USERS_PERMISSIONS', 'setting_user_global', 'acl_a_authusers && (acl_a_aauth || acl_a_mauth || acl_a_uauth)'),(89, 1, 1, 'permissions', 'acp', 13, 117, 118, 'ACP_USERS_PERMISSIONS', 'setting_user_global', 'acl_a_authusers && (acl_a_aauth || acl_a_mauth || acl_a_uauth)'),(90, 1, 1, 'permissions', 'acp', 18, 187, 188, 'ACP_USERS_FORUM_PERMISSIONS', 'setting_user_local', 'acl_a_authusers && (acl_a_mauth || acl_a_fauth)'),(91, 1, 1, 'permissions', 'acp', 13, 119, 120, 'ACP_USERS_FORUM_PERMISSIONS', 'setting_user_local', 'acl_a_authusers && (acl_a_mauth || acl_a_fauth)'),(92, 1, 1, 'permissions', 'acp', 17, 173, 174, 'ACP_GROUPS_PERMISSIONS', 'setting_group_global', 'acl_a_authgroups && (acl_a_aauth || acl_a_mauth || acl_a_uauth)'),(93, 1, 1, 'permissions', 'acp', 14, 149, 150, 'ACP_GROUPS_PERMISSIONS', 'setting_group_global', 'acl_a_authgroups && (acl_a_aauth || acl_a_mauth || acl_a_uauth)'),(94, 1, 1, 'permissions', 'acp', 18, 189, 190, 'ACP_GROUPS_FORUM_PERMISSIONS', 'setting_group_local', 'acl_a_authgroups && (acl_a_mauth || acl_a_fauth)'),(95, 1, 1, 'permissions', 'acp', 14, 151, 152, 'ACP_GROUPS_FORUM_PERMISSIONS', 'setting_group_local', 'acl_a_authgroups && (acl_a_mauth || acl_a_fauth)'),(96, 1, 1, 'permissions', 'acp', 17, 175, 176, 'ACP_ADMINISTRATORS', 'setting_admin_global', 'acl_a_aauth && (acl_a_authusers || acl_a_authgroups)'),(97, 1, 1, 'permissions', 'acp', 17, 177, 178, 'ACP_GLOBAL_MODERATORS', 'setting_mod_global', 'acl_a_mauth && (acl_a_authusers || acl_a_authgroups)'),(98, 1, 1, 'permissions', 'acp', 20, 205, 206, 'ACP_VIEW_ADMIN_PERMISSIONS', 'view_admin_global', 'acl_a_viewauth'),(99, 1, 1, 'permissions', 'acp', 20, 207, 208, 'ACP_VIEW_USER_PERMISSIONS', 'view_user_global', 'acl_a_viewauth'),(100, 1, 1, 'permissions', 'acp', 20, 209, 210, 'ACP_VIEW_GLOBAL_MOD_PERMISSIONS', 'view_mod_global', 'acl_a_viewauth'),(101, 1, 1, 'permissions', 'acp', 20, 211, 212, 'ACP_VIEW_FORUM_MOD_PERMISSIONS', 'view_mod_local', 'acl_a_viewauth'),(102, 1, 1, 'permissions', 'acp', 20, 213, 214, 'ACP_VIEW_FORUM_PERMISSIONS', 'view_forum_local', 'acl_a_viewauth'),(103, 1, 1, 'php_info', 'acp', 29, 263, 264, 'ACP_PHP_INFO', 'info', 'acl_a_phpinfo'),(104, 1, 1, 'profile', 'acp', 13, 121, 122, 'ACP_CUSTOM_PROFILE_FIELDS', 'profile', 'acl_a_profile'),(105, 1, 1, 'prune', 'acp', 7, 69, 70, 'ACP_PRUNE_FORUMS', 'forums', 'acl_a_prune'),(106, 1, 1, 'prune', 'acp', 15, 163, 164, 'ACP_PRUNE_USERS', 'users', 'acl_a_userdel'),(107, 1, 1, 'ranks', 'acp', 13, 123, 124, 'ACP_MANAGE_RANKS', 'ranks', 'acl_a_ranks'),(108, 1, 1, 'reasons', 'acp', 29, 265, 266, 'ACP_MANAGE_REASONS', 'main', 'acl_a_reasons'),(109, 1, 1, 'search', 'acp', 5, 59, 60, 'ACP_SEARCH_SETTINGS', 'settings', 'acl_a_search'),(110, 1, 1, 'search', 'acp', 26, 247, 248, 'ACP_SEARCH_INDEX', 'index', 'acl_a_search'),(111, 1, 1, 'send_statistics', 'acp', 5, 61, 62, 'ACP_SEND_STATISTICS', 'send_statistics', 'acl_a_server'),(112, 1, 1, 'styles', 'acp', 22, 219, 220, 'ACP_STYLES', 'style', 'acl_a_styles'),(113, 1, 1, 'styles', 'acp', 23, 223, 224, 'ACP_TEMPLATES', 'template', 'acl_a_styles'),(114, 1, 1, 'styles', 'acp', 23, 225, 226, 'ACP_THEMES', 'theme', 'acl_a_styles'),(115, 1, 1, 'styles', 'acp', 23, 227, 228, 'ACP_IMAGESETS', 'imageset', 'acl_a_styles'),(116, 1, 1, 'update', 'acp', 28, 253, 254, 'ACP_VERSION_CHECK', 'version_check', 'acl_a_board'),(117, 1, 1, 'users', 'acp', 13, 113, 114, 'ACP_MANAGE_USERS', 'overview', 'acl_a_user'),(118, 1, 0, 'users', 'acp', 13, 125, 126, 'ACP_USER_FEEDBACK', 'feedback', 'acl_a_user'),(119, 1, 0, 'users', 'acp', 13, 127, 128, 'ACP_USER_WARNINGS', 'warnings', 'acl_a_user'),(120, 1, 0, 'users', 'acp', 13, 129, 130, 'ACP_USER_PROFILE', 'profile', 'acl_a_user'),(121, 1, 0, 'users', 'acp', 13, 131, 132, 'ACP_USER_PREFS', 'prefs', 'acl_a_user'),(122, 1, 0, 'users', 'acp', 13, 133, 134, 'ACP_USER_AVATAR', 'avatar', 'acl_a_user'),(123, 1, 0, 'users', 'acp', 13, 135, 136, 'ACP_USER_RANK', 'rank', 'acl_a_user'),(124, 1, 0, 'users', 'acp', 13, 137, 138, 'ACP_USER_SIG', 'sig', 'acl_a_user'),(125, 1, 0, 'users', 'acp', 13, 139, 140, 'ACP_USER_GROUPS', 'groups', 'acl_a_user && acl_a_group'),(126, 1, 0, 'users', 'acp', 13, 141, 142, 'ACP_USER_PERM', 'perm', 'acl_a_user && acl_a_viewauth'),(127, 1, 0, 'users', 'acp', 13, 143, 144, 'ACP_USER_ATTACH', 'attach', 'acl_a_user'),(128, 1, 1, 'words', 'acp', 10, 97, 98, 'ACP_WORDS', 'words', 'acl_a_words'),(129, 1, 1, 'users', 'acp', 2, 5, 6, 'ACP_MANAGE_USERS', 'overview', 'acl_a_user'),(130, 1, 1, 'groups', 'acp', 2, 7, 8, 'ACP_GROUPS_MANAGE', 'manage', 'acl_a_group'),(131, 1, 1, 'forums', 'acp', 2, 9, 10, 'ACP_MANAGE_FORUMS', 'manage', 'acl_a_forum'),(132, 1, 1, 'logs', 'acp', 2, 11, 12, 'ACP_MOD_LOGS', 'mod', 'acl_a_viewlogs'),(133, 1, 1, 'bots', 'acp', 2, 13, 14, 'ACP_BOTS', 'bots', 'acl_a_bots'),(134, 1, 1, 'php_info', 'acp', 2, 15, 16, 'ACP_PHP_INFO', 'info', 'acl_a_phpinfo'),(135, 1, 1, 'permissions', 'acp', 8, 73, 74, 'ACP_FORUM_PERMISSIONS', 'setting_forum_local', 'acl_a_fauth && (acl_a_authusers || acl_a_authgroups)'),(136, 1, 1, 'permissions', 'acp', 8, 75, 76, 'ACP_FORUM_PERMISSIONS_COPY', 'setting_forum_copy', 'acl_a_fauth && acl_a_authusers && acl_a_authgroups && acl_a_mauth'),(137, 1, 1, 'permissions', 'acp', 8, 77, 78, 'ACP_FORUM_MODERATORS', 'setting_mod_local', 'acl_a_mauth && (acl_a_authusers || acl_a_authgroups)'),(138, 1, 1, 'permissions', 'acp', 8, 79, 80, 'ACP_USERS_FORUM_PERMISSIONS', 'setting_user_local', 'acl_a_authusers && (acl_a_mauth || acl_a_fauth)'),(139, 1, 1, 'permissions', 'acp', 8, 81, 82, 'ACP_GROUPS_FORUM_PERMISSIONS', 'setting_group_local', 'acl_a_authgroups && (acl_a_mauth || acl_a_fauth)'),(140, 1, 1, '', 'mcp', 0, 1, 10, 'MCP_MAIN', '', ''),(141, 1, 1, '', 'mcp', 0, 11, 18, 'MCP_QUEUE', '', ''),(142, 1, 1, '', 'mcp', 0, 19, 32, 'MCP_REPORTS', '', ''),(143, 1, 1, '', 'mcp', 0, 33, 38, 'MCP_NOTES', '', ''),(144, 1, 1, '', 'mcp', 0, 39, 48, 'MCP_WARN', '', ''),(145, 1, 1, '', 'mcp', 0, 49, 56, 'MCP_LOGS', '', ''),(146, 1, 1, '', 'mcp', 0, 57, 64, 'MCP_BAN', '', ''),(147, 1, 1, 'ban', 'mcp', 146, 58, 59, 'MCP_BAN_USERNAMES', 'user', 'acl_m_ban'),(148, 1, 1, 'ban', 'mcp', 146, 60, 61, 'MCP_BAN_IPS', 'ip', 'acl_m_ban'),(149, 1, 1, 'ban', 'mcp', 146, 62, 63, 'MCP_BAN_EMAILS', 'email', 'acl_m_ban'),(150, 1, 1, 'logs', 'mcp', 145, 50, 51, 'MCP_LOGS_FRONT', 'front', 'acl_m_ || aclf_m_'),(151, 1, 1, 'logs', 'mcp', 145, 52, 53, 'MCP_LOGS_FORUM_VIEW', 'forum_logs', 'acl_m_,$id'),(152, 1, 1, 'logs', 'mcp', 145, 54, 55, 'MCP_LOGS_TOPIC_VIEW', 'topic_logs', 'acl_m_,$id'),(153, 1, 1, 'main', 'mcp', 140, 2, 3, 'MCP_MAIN_FRONT', 'front', ''),(154, 1, 1, 'main', 'mcp', 140, 4, 5, 'MCP_MAIN_FORUM_VIEW', 'forum_view', 'acl_m_,$id'),(155, 1, 1, 'main', 'mcp', 140, 6, 7, 'MCP_MAIN_TOPIC_VIEW', 'topic_view', 'acl_m_,$id'),(156, 1, 1, 'main', 'mcp', 140, 8, 9, 'MCP_MAIN_POST_DETAILS', 'post_details', 'acl_m_,$id || (!$id && aclf_m_)'),(157, 1, 1, 'notes', 'mcp', 143, 34, 35, 'MCP_NOTES_FRONT', 'front', ''),(158, 1, 1, 'notes', 'mcp', 143, 36, 37, 'MCP_NOTES_USER', 'user_notes', ''),(159, 1, 1, 'pm_reports', 'mcp', 142, 20, 21, 'MCP_PM_REPORTS_OPEN', 'pm_reports', 'aclf_m_report'),(160, 1, 1, 'pm_reports', 'mcp', 142, 22, 23, 'MCP_PM_REPORTS_CLOSED', 'pm_reports_closed', 'aclf_m_report'),(161, 1, 1, 'pm_reports', 'mcp', 142, 24, 25, 'MCP_PM_REPORT_DETAILS', 'pm_report_details', 'aclf_m_report'),(162, 1, 1, 'queue', 'mcp', 141, 12, 13, 'MCP_QUEUE_UNAPPROVED_TOPICS', 'unapproved_topics', 'aclf_m_approve'),(163, 1, 1, 'queue', 'mcp', 141, 14, 15, 'MCP_QUEUE_UNAPPROVED_POSTS', 'unapproved_posts', 'aclf_m_approve'),(164, 1, 1, 'queue', 'mcp', 141, 16, 17, 'MCP_QUEUE_APPROVE_DETAILS', 'approve_details', 'acl_m_approve,$id || (!$id && aclf_m_approve)'),(165, 1, 1, 'reports', 'mcp', 142, 26, 27, 'MCP_REPORTS_OPEN', 'reports', 'aclf_m_report'),(166, 1, 1, 'reports', 'mcp', 142, 28, 29, 'MCP_REPORTS_CLOSED', 'reports_closed', 'aclf_m_report'),(167, 1, 1, 'reports', 'mcp', 142, 30, 31, 'MCP_REPORT_DETAILS', 'report_details', 'acl_m_report,$id || (!$id && aclf_m_report)'),(168, 1, 1, 'warn', 'mcp', 144, 40, 41, 'MCP_WARN_FRONT', 'front', 'aclf_m_warn'),(169, 1, 1, 'warn', 'mcp', 144, 42, 43, 'MCP_WARN_LIST', 'list', 'aclf_m_warn'),(170, 1, 1, 'warn', 'mcp', 144, 44, 45, 'MCP_WARN_USER', 'warn_user', 'aclf_m_warn'),(171, 1, 1, 'warn', 'mcp', 144, 46, 47, 'MCP_WARN_POST', 'warn_post', 'acl_m_warn && acl_f_read,$id'),(172, 1, 1, '', 'ucp', 0, 1, 12, 'UCP_MAIN', '', ''),(173, 1, 1, '', 'ucp', 0, 13, 22, 'UCP_PROFILE', '', ''),(174, 1, 1, '', 'ucp', 0, 23, 30, 'UCP_PREFS', '', ''),(175, 1, 1, '', 'ucp', 0, 31, 42, 'UCP_PM', '', ''),(176, 1, 1, '', 'ucp', 0, 43, 48, 'UCP_USERGROUPS', '', ''),(177, 1, 1, '', 'ucp', 0, 49, 54, 'UCP_ZEBRA', '', ''),(178, 1, 1, 'attachments', 'ucp', 172, 10, 11, 'UCP_MAIN_ATTACHMENTS', 'attachments', 'acl_u_attach'),(179, 1, 1, 'groups', 'ucp', 176, 44, 45, 'UCP_USERGROUPS_MEMBER', 'membership', ''),(180, 1, 1, 'groups', 'ucp', 176, 46, 47, 'UCP_USERGROUPS_MANAGE', 'manage', ''),(181, 1, 1, 'main', 'ucp', 172, 2, 3, 'UCP_MAIN_FRONT', 'front', ''),(182, 1, 1, 'main', 'ucp', 172, 4, 5, 'UCP_MAIN_SUBSCRIBED', 'subscribed', ''),(183, 1, 1, 'main', 'ucp', 172, 6, 7, 'UCP_MAIN_BOOKMARKS', 'bookmarks', 'cfg_allow_bookmarks'),(184, 1, 1, 'main', 'ucp', 172, 8, 9, 'UCP_MAIN_DRAFTS', 'drafts', ''),(185, 1, 0, 'pm', 'ucp', 175, 32, 33, 'UCP_PM_VIEW', 'view', 'cfg_allow_privmsg'),(186, 1, 1, 'pm', 'ucp', 175, 34, 35, 'UCP_PM_COMPOSE', 'compose', 'cfg_allow_privmsg'),(187, 1, 1, 'pm', 'ucp', 175, 36, 37, 'UCP_PM_DRAFTS', 'drafts', 'cfg_allow_privmsg'),(188, 1, 1, 'pm', 'ucp', 175, 38, 39, 'UCP_PM_OPTIONS', 'options', 'cfg_allow_privmsg'),(189, 1, 0, 'pm', 'ucp', 175, 40, 41, 'UCP_PM_POPUP_TITLE', 'popup', 'cfg_allow_privmsg'),(190, 1, 1, 'prefs', 'ucp', 174, 24, 25, 'UCP_PREFS_PERSONAL', 'personal', ''),(191, 1, 1, 'prefs', 'ucp', 174, 26, 27, 'UCP_PREFS_POST', 'post', ''),(192, 1, 1, 'prefs', 'ucp', 174, 28, 29, 'UCP_PREFS_VIEW', 'view', ''),(193, 1, 1, 'profile', 'ucp', 173, 14, 15, 'UCP_PROFILE_PROFILE_INFO', 'profile_info', ''),(194, 1, 1, 'profile', 'ucp', 173, 16, 17, 'UCP_PROFILE_SIGNATURE', 'signature', 'acl_u_sig'),(195, 1, 1, 'profile', 'ucp', 173, 18, 19, 'UCP_PROFILE_AVATAR', 'avatar', 'cfg_allow_avatar && (cfg_allow_avatar_local || cfg_allow_avatar_remote || cfg_allow_avatar_upload || cfg_allow_avatar_remote_upload)'),(196, 1, 1, 'profile', 'ucp', 173, 20, 21, 'UCP_PROFILE_REG_DETAILS', 'reg_details', ''),(197, 1, 1, 'zebra', 'ucp', 177, 50, 51, 'UCP_ZEBRA_FRIENDS', 'friends', ''),(198, 1, 1, 'zebra', 'ucp', 177, 52, 53, 'UCP_ZEBRA_FOES', 'foes', '');

# Table: phpbb_poll_options
DROP TABLE IF EXISTS phpbb_poll_options;
CREATE TABLE `phpbb_poll_options` (
  `poll_option_id` tinyint(4) NOT NULL DEFAULT '0',
  `topic_id` mediumint(8) unsigned NOT NULL DEFAULT '0',
  `poll_option_text` text COLLATE utf8_bin NOT NULL,
  `poll_option_total` mediumint(8) unsigned NOT NULL DEFAULT '0',
  KEY `poll_opt_id` (`poll_option_id`),
  KEY `topic_id` (`topic_id`)
) ENGINE=MyISAM DEFAULT CHARSET=utf8 COLLATE=utf8_bin;

# Table: phpbb_poll_votes
DROP TABLE IF EXISTS phpbb_poll_votes;
CREATE TABLE `phpbb_poll_votes` (
  `topic_id` mediumint(8) unsigned NOT NULL DEFAULT '0',
  `poll_option_id` tinyint(4) NOT NULL DEFAULT '0',
  `vote_user_id` mediumint(8) unsigned NOT NULL DEFAULT '0',
  `vote_user_ip` varchar(40) COLLATE utf8_bin NOT NULL DEFAULT '',
  KEY `topic_id` (`topic_id`),
  KEY `vote_user_id` (`vote_user_id`),
  KEY `vote_user_ip` (`vote_user_ip`)
) ENGINE=MyISAM DEFAULT CHARSET=utf8 COLLATE=utf8_bin;

# Table: phpbb_posts
DROP TABLE IF EXISTS phpbb_posts;
CREATE TABLE `phpbb_posts` (
  `post_id` mediumint(8) unsigned NOT NULL AUTO_INCREMENT,
  `topic_id` mediumint(8) unsigned NOT NULL DEFAULT '0',
  `forum_id` mediumint(8) unsigned NOT NULL DEFAULT '0',
  `poster_id` mediumint(8) unsigned NOT NULL DEFAULT '0',
  `icon_id` mediumint(8) unsigned NOT NULL DEFAULT '0',
  `poster_ip` varchar(40) COLLATE utf8_bin NOT NULL DEFAULT '',
  `post_time` int(11) unsigned NOT NULL DEFAULT '0',
  `post_approved` tinyint(1) unsigned NOT NULL DEFAULT '1',
  `post_reported` tinyint(1) unsigned NOT NULL DEFAULT '0',
  `enable_bbcode` tinyint(1) unsigned NOT NULL DEFAULT '1',
  `enable_smilies` tinyint(1) unsigned NOT NULL DEFAULT '1',
  `enable_magic_url` tinyint(1) unsigned NOT NULL DEFAULT '1',
  `enable_sig` tinyint(1) unsigned NOT NULL DEFAULT '1',
  `post_username` varchar(255) COLLATE utf8_bin NOT NULL DEFAULT '',
  `post_subject` varchar(255) CHARACTER SET utf8 COLLATE utf8_unicode_ci NOT NULL DEFAULT '',
  `post_text` mediumtext COLLATE utf8_bin NOT NULL,
  `post_checksum` varchar(32) COLLATE utf8_bin NOT NULL DEFAULT '',
  `post_attachment` tinyint(1) unsigned NOT NULL DEFAULT '0',
  `bbcode_bitfield` varchar(255) COLLATE utf8_bin NOT NULL DEFAULT '',
  `bbcode_uid` varchar(8) COLLATE utf8_bin NOT NULL DEFAULT '',
  `post_postcount` tinyint(1) unsigned NOT NULL DEFAULT '1',
  `post_edit_time` int(11) unsigned NOT NULL DEFAULT '0',
  `post_edit_reason` varchar(255) COLLATE utf8_bin NOT NULL DEFAULT '',
  `post_edit_user` mediumint(8) unsigned NOT NULL DEFAULT '0',
  `post_edit_count` smallint(4) unsigned NOT NULL DEFAULT '0',
  `post_edit_locked` tinyint(1) unsigned NOT NULL DEFAULT '0',
  PRIMARY KEY (`post_id`),
  KEY `forum_id` (`forum_id`),
  KEY `topic_id` (`topic_id`),
  KEY `poster_ip` (`poster_ip`),
  KEY `poster_id` (`poster_id`),
  KEY `post_approved` (`post_approved`),
  KEY `post_username` (`post_username`),
  KEY `tid_post_time` (`topic_id`,`post_time`)
) ENGINE=MyISAM AUTO_INCREMENT=12 DEFAULT CHARSET=utf8 COLLATE=utf8_bin;

INSERT INTO phpbb_posts (post_id, topic_id, forum_id, poster_id, icon_id, poster_ip, post_time, post_approved, post_reported, enable_bbcode, enable_smilies, enable_magic_url, enable_sig, post_username, post_subject, post_text, post_checksum, post_attachment, bbcode_bitfield, bbcode_uid, post_postcount, post_edit_time, post_edit_reason, post_edit_user, post_edit_count, post_edit_locked) VALUES (1, 1, 2, 2, 0, '83.255.67.102', 1395251289, 1, 0, 1, 1, 1, 1, '', 'Welcome to phpBB3', 'This is an example post in your phpBB3 installation. Everything seems to be working. You may delete this post if you like and continue to set up your board. During the installation process your first category and your first forum are assigned an appropriate set of permissions for the predefined usergroups administrators, bots, global moderators, guests, registered users and registered COPPA users. If you also choose to delete your first category and your first forum, do not forget to assign permissions for all these usergroups for all new categories and forums you create. It is recommended to rename your first category and your first forum and copy permissions from these while creating new categories and forums. Have fun!', '5dd683b17f641daf84c040bfefc58ce9', 0, '', '', 1, 0, '', 0, 0, 0),(8, 4, 5, 50, 0, '83.255.69.255', 1398190254, 1, 0, 1, 1, 1, 1, '', 'Re: Z\'s 2way', 'Ser ut att vara en riktigt trevlig gubbe, förvånad att du kör 13&quot; skates dock <!-- s:P --><img src=\"{SMILIES_PATH}/icon_razz.gif\" alt=\":P\" title=\"Razz\" /><!-- s:P -->.', '9ec5fd7d0cf40f50a52af37cfd4c4234', 0, '', '1v1n3scu', 1, 0, '', 0, 0, 0),(6, 3, 5, 50, 0, '83.255.69.255', 1395406084, 1, 0, 1, 1, 1, 1, '', 'Dexrions PowerMaker!', 'En underbar spelar, en playmaker med hårt skott och kapacitet att smälla på. Spelar mer på tacklingar än pokes. \n\nVikt: 88kg\nLängd: 1.88\n\nPlaymaker - Legend 3\n\nDeking (+7): 90\nHand-Eye: 80\nOffensive Awareness (+7): 85\nPassing: 86\nPuck Control (+7): 90\nSlap Shot Accuracy: 65\nSlap Shot Power: 65\nWrist Shot Accuracy: 81\nWrist Shot Power (+12): 88\n---------------------------\nAggressiveness: 84\nBody Checking (+12): 84\nDefensive Awareness: 90\nDiscipline: 85\nFaceoffs: 85\nFighting Skill: 67\nShot Blocking: 79\nStick Checking: 70\n---------------------------\nAcceleration (+7): 88\nAgility (+7): 88\nBalance: 66\nDurability: 65\nEndurance: 88\nSpeed (+12): 88\nStrength (+7): 82', '2facc873ec946bfa17dc28fc2e62d39e', 0, '', '166s14ar', 1, 0, '', 0, 0, 0),(7, 4, 5, 49, 0, '83.226.175.172', 1395410525, 1, 0, 1, 1, 1, 1, '', 'Z\'s 2way', 'Längd: 1.88 m\nVikt: 88 kg\n13&quot;\n\n2 Way Forward [Legend 3]\n\nDeking (+7): 87\nHand-Eye (+7): 87\nOffensive Awareness (+7): 90\nPassing (+7): 87\nPuck Control (+7): 87\nSlap Shot Accuracy: 66\nSlap Shot Power: 65\nWrist Shot Accuracy (+7): 88\nWrist Shot Power (+7): 80\n---------------------------\nAggressiveness: 65\nBody Checking: 65\nDefensive Awareness: 93\nDiscipline: 95\nFaceoffs: 95\nFighting Skill: 65\nShot Blocking: 65\nStick Checking: 83\n---------------------------\nAcceleration (+7): 88\nAgility (+12): 88\nBalance (+7): 88\nDurability: 65\nEndurance (+7): 86\nSpeed (+7): 87\nStrength: 65', 'ee1f7425cab51f385862f918ef3f3111', 0, '', '2ry0o72g', 1, 0, '', 0, 0, 0),(9, 4, 5, 49, 0, '83.226.175.172', 1398209196, 1, 0, 1, 1, 1, 1, '', 'Re: Z\'s 2way', '[quote=&quot;Dexrion&quot;:28euoikg]Ser ut att vara en riktigt trevlig gubbe, förvånad att du kör 13&quot; skates dock <!-- s:P --><img src=\"{SMILIES_PATH}/icon_razz.gif\" alt=\":P\" title=\"Razz\" /><!-- s:P -->.[/quote:28euoikg]\n\nDet är för att kompensera att det enbart är 88 i acc och 87 i speed; 88 i agility motverkar &quot;orörligheten&quot; med 13&quot;-skridskorna.\n... men allt är ju en smaksak självklart.  <!-- s:) --><img src=\"{SMILIES_PATH}/icon_e_smile.gif\" alt=\":)\" title=\"Smile\" /><!-- s:) -->', 'f89667c134f1b7e53fd2fdf2342e797a', 0, 'gA==', '28euoikg', 1, 0, '', 0, 0, 0),(10, 5, 4, 53, 0, '83.255.65.252', 1398357079, 1, 0, 1, 1, 1, 1, '', 'TODO', 'Wip:\n       Ladda in senaste matcher från EA med spelarstatistik sparad för varje match.\n\nTodo:\n      Ladda in spelarstatistik från EA för att visa på spelarsidorna.\n      \n      Skapa statistiksida med statistik baserad på matchdata.\n\n      Fixa Resultat/Matchsida med 10 senaste matcher med video samt de 10 senaste övriga matcherna. Även en sökfunktion där man kan söka upp motståndare och se tidigare matcher.\n\n      Fixa inloggning för att skapa nyheter, spelare och för att se senaste infon i forumet.\n\n      Ändra till ett rent CSS baserad system. Med all content i HTML och CSS i separata smart namngivna filer.', 'c398ad11997ed253bf452afb9f7e90b7', 0, '', '9rk5t49t', 1, 1398359719, '', 53, 1, 0),(11, 5, 4, 50, 0, '83.255.69.255', 1398358846, 1, 0, 1, 1, 1, 1, '', 'Re: TODO', 'Todo\n\n* Fixa grafik till Login\n* Komma fram till ett nytt upplägg på sidorna på hemsidan, NHLnyheter (RSS) Gästbok\n* Uppgradera Fonten till Navbaren.\n* Uppdatera allt från svenska till engelska. \n* Bildlänkar ska uppdateras.', 'bd3a7e636394c52caf92f5cb5657d78d', 0, '', '2yvrz5lw', 1, 0, '', 0, 0, 0);

# Table: phpbb_privmsgs
DROP TABLE IF EXISTS phpbb_privmsgs;
CREATE TABLE `phpbb_privmsgs` (
  `msg_id` mediumint(8) unsigned NOT NULL AUTO_INCREMENT,
  `root_level` mediumint(8) unsigned NOT NULL DEFAULT '0',
  `author_id` mediumint(8) unsigned NOT NULL DEFAULT '0',
  `icon_id` mediumint(8) unsigned NOT NULL DEFAULT '0',
  `author_ip` varchar(40) COLLATE utf8_bin NOT NULL DEFAULT '',
  `message_time` int(11) unsigned NOT NULL DEFAULT '0',
  `enable_bbcode` tinyint(1) unsigned NOT NULL DEFAULT '1',
  `enable_smilies` tinyint(1) unsigned NOT NULL DEFAULT '1',
  `enable_magic_url` tinyint(1) unsigned NOT NULL DEFAULT '1',
  `enable_sig` tinyint(1) unsigned NOT NULL DEFAULT '1',
  `message_subject` varchar(255) COLLATE utf8_bin NOT NULL DEFAULT '',
  `message_text` mediumtext COLLATE utf8_bin NOT NULL,
  `message_edit_reason` varchar(255) COLLATE utf8_bin NOT NULL DEFAULT '',
  `message_edit_user` mediumint(8) unsigned NOT NULL DEFAULT '0',
  `message_attachment` tinyint(1) unsigned NOT NULL DEFAULT '0',
  `bbcode_bitfield` varchar(255) COLLATE utf8_bin NOT NULL DEFAULT '',
  `bbcode_uid` varchar(8) COLLATE utf8_bin NOT NULL DEFAULT '',
  `message_edit_time` int(11) unsigned NOT NULL DEFAULT '0',
  `message_edit_count` smallint(4) unsigned NOT NULL DEFAULT '0',
  `to_address` text COLLATE utf8_bin NOT NULL,
  `bcc_address` text COLLATE utf8_bin NOT NULL,
  `message_reported` tinyint(1) unsigned NOT NULL DEFAULT '0',
  PRIMARY KEY (`msg_id`),
  KEY `author_ip` (`author_ip`),
  KEY `message_time` (`message_time`),
  KEY `author_id` (`author_id`),
  KEY `root_level` (`root_level`)
) ENGINE=MyISAM DEFAULT CHARSET=utf8 COLLATE=utf8_bin;

# Table: phpbb_privmsgs_folder
DROP TABLE IF EXISTS phpbb_privmsgs_folder;
CREATE TABLE `phpbb_privmsgs_folder` (
  `folder_id` mediumint(8) unsigned NOT NULL AUTO_INCREMENT,
  `user_id` mediumint(8) unsigned NOT NULL DEFAULT '0',
  `folder_name` varchar(255) COLLATE utf8_bin NOT NULL DEFAULT '',
  `pm_count` mediumint(8) unsigned NOT NULL DEFAULT '0',
  PRIMARY KEY (`folder_id`),
  KEY `user_id` (`user_id`)
) ENGINE=MyISAM DEFAULT CHARSET=utf8 COLLATE=utf8_bin;

# Table: phpbb_privmsgs_rules
DROP TABLE IF EXISTS phpbb_privmsgs_rules;
CREATE TABLE `phpbb_privmsgs_rules` (
  `rule_id` mediumint(8) unsigned NOT NULL AUTO_INCREMENT,
  `user_id` mediumint(8) unsigned NOT NULL DEFAULT '0',
  `rule_check` mediumint(8) unsigned NOT NULL DEFAULT '0',
  `rule_connection` mediumint(8) unsigned NOT NULL DEFAULT '0',
  `rule_string` varchar(255) COLLATE utf8_bin NOT NULL DEFAULT '',
  `rule_user_id` mediumint(8) unsigned NOT NULL DEFAULT '0',
  `rule_group_id` mediumint(8) unsigned NOT NULL DEFAULT '0',
  `rule_action` mediumint(8) unsigned NOT NULL DEFAULT '0',
  `rule_folder_id` int(11) NOT NULL DEFAULT '0',
  PRIMARY KEY (`rule_id`),
  KEY `user_id` (`user_id`)
) ENGINE=MyISAM DEFAULT CHARSET=utf8 COLLATE=utf8_bin;

# Table: phpbb_privmsgs_to
DROP TABLE IF EXISTS phpbb_privmsgs_to;
CREATE TABLE `phpbb_privmsgs_to` (
  `msg_id` mediumint(8) unsigned NOT NULL DEFAULT '0',
  `user_id` mediumint(8) unsigned NOT NULL DEFAULT '0',
  `author_id` mediumint(8) unsigned NOT NULL DEFAULT '0',
  `pm_deleted` tinyint(1) unsigned NOT NULL DEFAULT '0',
  `pm_new` tinyint(1) unsigned NOT NULL DEFAULT '1',
  `pm_unread` tinyint(1) unsigned NOT NULL DEFAULT '1',
  `pm_replied` tinyint(1) unsigned NOT NULL DEFAULT '0',
  `pm_marked` tinyint(1) unsigned NOT NULL DEFAULT '0',
  `pm_forwarded` tinyint(1) unsigned NOT NULL DEFAULT '0',
  `folder_id` int(11) NOT NULL DEFAULT '0',
  KEY `msg_id` (`msg_id`),
  KEY `author_id` (`author_id`),
  KEY `usr_flder_id` (`user_id`,`folder_id`)
) ENGINE=MyISAM DEFAULT CHARSET=utf8 COLLATE=utf8_bin;

# Table: phpbb_profile_fields
DROP TABLE IF EXISTS phpbb_profile_fields;
CREATE TABLE `phpbb_profile_fields` (
  `field_id` mediumint(8) unsigned NOT NULL AUTO_INCREMENT,
  `field_name` varchar(255) COLLATE utf8_bin NOT NULL DEFAULT '',
  `field_type` tinyint(4) NOT NULL DEFAULT '0',
  `field_ident` varchar(20) COLLATE utf8_bin NOT NULL DEFAULT '',
  `field_length` varchar(20) COLLATE utf8_bin NOT NULL DEFAULT '',
  `field_minlen` varchar(255) COLLATE utf8_bin NOT NULL DEFAULT '',
  `field_maxlen` varchar(255) COLLATE utf8_bin NOT NULL DEFAULT '',
  `field_novalue` varchar(255) COLLATE utf8_bin NOT NULL DEFAULT '',
  `field_default_value` varchar(255) COLLATE utf8_bin NOT NULL DEFAULT '',
  `field_validation` varchar(20) COLLATE utf8_bin NOT NULL DEFAULT '',
  `field_required` tinyint(1) unsigned NOT NULL DEFAULT '0',
  `field_show_novalue` tinyint(1) unsigned NOT NULL DEFAULT '0',
  `field_show_on_reg` tinyint(1) unsigned NOT NULL DEFAULT '0',
  `field_show_on_vt` tinyint(1) unsigned NOT NULL DEFAULT '0',
  `field_show_profile` tinyint(1) unsigned NOT NULL DEFAULT '0',
  `field_hide` tinyint(1) unsigned NOT NULL DEFAULT '0',
  `field_no_view` tinyint(1) unsigned NOT NULL DEFAULT '0',
  `field_active` tinyint(1) unsigned NOT NULL DEFAULT '0',
  `field_order` mediumint(8) unsigned NOT NULL DEFAULT '0',
  PRIMARY KEY (`field_id`),
  KEY `fld_type` (`field_type`),
  KEY `fld_ordr` (`field_order`)
) ENGINE=MyISAM DEFAULT CHARSET=utf8 COLLATE=utf8_bin;

# Table: phpbb_profile_fields_data
DROP TABLE IF EXISTS phpbb_profile_fields_data;
CREATE TABLE `phpbb_profile_fields_data` (
  `user_id` mediumint(8) unsigned NOT NULL DEFAULT '0',
  PRIMARY KEY (`user_id`)
) ENGINE=MyISAM DEFAULT CHARSET=utf8 COLLATE=utf8_bin;

# Table: phpbb_profile_fields_lang
DROP TABLE IF EXISTS phpbb_profile_fields_lang;
CREATE TABLE `phpbb_profile_fields_lang` (
  `field_id` mediumint(8) unsigned NOT NULL DEFAULT '0',
  `lang_id` mediumint(8) unsigned NOT NULL DEFAULT '0',
  `option_id` mediumint(8) unsigned NOT NULL DEFAULT '0',
  `field_type` tinyint(4) NOT NULL DEFAULT '0',
  `lang_value` varchar(255) COLLATE utf8_bin NOT NULL DEFAULT '',
  PRIMARY KEY (`field_id`,`lang_id`,`option_id`)
) ENGINE=MyISAM DEFAULT CHARSET=utf8 COLLATE=utf8_bin;

# Table: phpbb_profile_lang
DROP TABLE IF EXISTS phpbb_profile_lang;
CREATE TABLE `phpbb_profile_lang` (
  `field_id` mediumint(8) unsigned NOT NULL DEFAULT '0',
  `lang_id` mediumint(8) unsigned NOT NULL DEFAULT '0',
  `lang_name` varchar(255) COLLATE utf8_bin NOT NULL DEFAULT '',
  `lang_explain` text COLLATE utf8_bin NOT NULL,
  `lang_default_value` varchar(255) COLLATE utf8_bin NOT NULL DEFAULT '',
  PRIMARY KEY (`field_id`,`lang_id`)
) ENGINE=MyISAM DEFAULT CHARSET=utf8 COLLATE=utf8_bin;

# Table: phpbb_ranks
DROP TABLE IF EXISTS phpbb_ranks;
CREATE TABLE `phpbb_ranks` (
  `rank_id` mediumint(8) unsigned NOT NULL AUTO_INCREMENT,
  `rank_title` varchar(255) COLLATE utf8_bin NOT NULL DEFAULT '',
  `rank_min` mediumint(8) unsigned NOT NULL DEFAULT '0',
  `rank_special` tinyint(1) unsigned NOT NULL DEFAULT '0',
  `rank_image` varchar(255) COLLATE utf8_bin NOT NULL DEFAULT '',
  PRIMARY KEY (`rank_id`)
) ENGINE=MyISAM AUTO_INCREMENT=2 DEFAULT CHARSET=utf8 COLLATE=utf8_bin;

INSERT INTO phpbb_ranks (rank_id, rank_title, rank_min, rank_special, rank_image) VALUES (1, 'Site Admin', 0, 1, '');

# Table: phpbb_reports
DROP TABLE IF EXISTS phpbb_reports;
CREATE TABLE `phpbb_reports` (
  `report_id` mediumint(8) unsigned NOT NULL AUTO_INCREMENT,
  `reason_id` smallint(4) unsigned NOT NULL DEFAULT '0',
  `post_id` mediumint(8) unsigned NOT NULL DEFAULT '0',
  `pm_id` mediumint(8) unsigned NOT NULL DEFAULT '0',
  `user_id` mediumint(8) unsigned NOT NULL DEFAULT '0',
  `user_notify` tinyint(1) unsigned NOT NULL DEFAULT '0',
  `report_closed` tinyint(1) unsigned NOT NULL DEFAULT '0',
  `report_time` int(11) unsigned NOT NULL DEFAULT '0',
  `report_text` mediumtext COLLATE utf8_bin NOT NULL,
  PRIMARY KEY (`report_id`),
  KEY `post_id` (`post_id`),
  KEY `pm_id` (`pm_id`)
) ENGINE=MyISAM DEFAULT CHARSET=utf8 COLLATE=utf8_bin;

# Table: phpbb_reports_reasons
DROP TABLE IF EXISTS phpbb_reports_reasons;
CREATE TABLE `phpbb_reports_reasons` (
  `reason_id` smallint(4) unsigned NOT NULL AUTO_INCREMENT,
  `reason_title` varchar(255) COLLATE utf8_bin NOT NULL DEFAULT '',
  `reason_description` mediumtext COLLATE utf8_bin NOT NULL,
  `reason_order` smallint(4) unsigned NOT NULL DEFAULT '0',
  PRIMARY KEY (`reason_id`)
) ENGINE=MyISAM AUTO_INCREMENT=5 DEFAULT CHARSET=utf8 COLLATE=utf8_bin;

INSERT INTO phpbb_reports_reasons (reason_id, reason_title, reason_description, reason_order) VALUES (1, 'warez', 'The post contains links to illegal or pirated software.', 1),(2, 'spam', 'The reported post has the only purpose to advertise for a website or another product.', 2),(3, 'off_topic', 'The reported post is off topic.', 3),(4, 'other', 'The reported post does not fit into any other category, please use the further information field.', 4);

# Table: phpbb_search_results
DROP TABLE IF EXISTS phpbb_search_results;
CREATE TABLE `phpbb_search_results` (
  `search_key` varchar(32) COLLATE utf8_bin NOT NULL DEFAULT '',
  `search_time` int(11) unsigned NOT NULL DEFAULT '0',
  `search_keywords` mediumtext COLLATE utf8_bin NOT NULL,
  `search_authors` mediumtext COLLATE utf8_bin NOT NULL,
  PRIMARY KEY (`search_key`)
) ENGINE=MyISAM DEFAULT CHARSET=utf8 COLLATE=utf8_bin;

# Table: phpbb_search_wordlist
DROP TABLE IF EXISTS phpbb_search_wordlist;
CREATE TABLE `phpbb_search_wordlist` (
  `word_id` mediumint(8) unsigned NOT NULL AUTO_INCREMENT,
  `word_text` varchar(255) COLLATE utf8_bin NOT NULL DEFAULT '',
  `word_common` tinyint(1) unsigned NOT NULL DEFAULT '0',
  `word_count` mediumint(8) unsigned NOT NULL DEFAULT '0',
  PRIMARY KEY (`word_id`),
  UNIQUE KEY `wrd_txt` (`word_text`),
  KEY `wrd_cnt` (`word_count`)
) ENGINE=MyISAM AUTO_INCREMENT=210 DEFAULT CHARSET=utf8 COLLATE=utf8_bin;

INSERT INTO phpbb_search_wordlist (word_id, word_text, word_common, word_count) VALUES (1, 'this', 0, 1),(2, 'example', 0, 1),(3, 'post', 0, 1),(4, 'your', 0, 1),(5, 'phpbb3', 0, 4),(6, 'installation', 0, 1),(7, 'everything', 0, 1),(8, 'seems', 0, 1),(9, 'working', 0, 1),(10, 'you', 0, 1),(11, 'may', 0, 1),(12, 'delete', 0, 1),(13, 'like', 0, 1),(14, 'and', 0, 1),(15, 'continue', 0, 1),(16, 'set', 0, 1),(17, 'board', 0, 1),(18, 'during', 0, 1),(19, 'the', 0, 1),(20, 'process', 0, 1),(21, 'first', 0, 1),(22, 'category', 0, 1),(23, 'forum', 0, 1),(24, 'are', 0, 1),(25, 'assigned', 0, 1),(26, 'appropriate', 0, 1),(27, 'permissions', 0, 1),(28, 'for', 0, 1),(29, 'predefined', 0, 1),(30, 'usergroups', 0, 1),(31, 'administrators', 0, 1),(32, 'bots', 0, 1),(33, 'global', 0, 1),(34, 'moderators', 0, 1),(35, 'guests', 0, 1),(36, 'registered', 0, 1),(37, 'users', 0, 1),(38, 'coppa', 0, 1),(39, 'also', 0, 1),(40, 'choose', 0, 1),(41, 'not', 0, 1),(42, 'forget', 0, 1),(43, 'assign', 0, 1),(44, 'all', 0, 2),(45, 'these', 0, 1),(46, 'new', 0, 1),(47, 'categories', 0, 1),(48, 'forums', 0, 1),(49, 'create', 0, 1),(50, 'recommended', 0, 1),(51, 'rename', 0, 1),(52, 'copy', 0, 1),(53, 'from', 0, 1),(54, 'while', 0, 1),(55, 'creating', 0, 1),(56, 'have', 0, 1),(57, 'fun', 0, 1),(58, 'welcome', 0, 3),(59, 'jippie', 0, 0),(60, 'hallon', 0, 0),(61, 'wooohheeeej', 0, 0),(62, 'jippiehallon', 0, 0),(118, 'ser', 0, 2),(63, 'sdgsdgdsg', 0, 0),(64, 'saggsgasg', 0, 0),(65, 'underbar', 0, 1),(66, 'spelar', 0, 1),(67, 'playmaker', 0, 1),(68, 'med', 0, 3),(69, 'hårt', 0, 1),(70, 'skott', 0, 1),(71, 'och', 0, 3),(72, 'kapacitet', 0, 1),(73, 'att', 0, 4),(74, 'smaella', 0, 1),(75, 'mer', 0, 1),(76, 'tacklingar', 0, 1),(77, 'aen', 0, 1),(78, 'pokes', 0, 1),(79, 'vikt', 0, 2),(80, '88kg', 0, 1),(81, 'laengd', 0, 2),(82, 'legend', 0, 2),(83, 'deking', 0, 2),(84, 'hand', 0, 2),(85, 'eye', 0, 2),(86, 'offensive', 0, 2),(87, 'awareness', 0, 2),(88, 'passing', 0, 2),(89, 'puck', 0, 2),(90, 'control', 0, 2),(91, 'slap', 0, 2),(92, 'shot', 0, 2),(93, 'accuracy', 0, 2),(94, 'power', 0, 2),(95, 'wrist', 0, 2),(96, 'aggressiveness', 0, 2),(97, 'body', 0, 2),(98, 'checking', 0, 2),(99, 'defensive', 0, 2),(100, 'discipline', 0, 2),(101, 'faceoffs', 0, 2),(102, 'fighting', 0, 2),(103, 'skill', 0, 2),(104, 'blocking', 0, 2),(105, 'stick', 0, 2),(106, 'acceleration', 0, 2),(107, 'agility', 0, 3),(108, 'balance', 0, 2),(109, 'durability', 0, 2),(110, 'endurance', 0, 2),(111, 'speed', 0, 3),(112, 'strength', 0, 2),(113, 'dexrions', 0, 1),(114, 'powermaker', 0, 1),(115, 'way', 0, 1),(116, 'forward', 0, 1),(117, '2way', 0, 3),(119, 'vara', 0, 2),(120, 'riktigt', 0, 2),(121, 'trevlig', 0, 2),(122, 'gubbe', 0, 2),(123, 'foervånad', 0, 2),(124, 'koer', 0, 2),(125, 'skates', 0, 2),(126, 'dock', 0, 2),(127, 'det', 0, 1),(128, 'aer', 0, 1),(129, 'foer', 0, 2),(130, 'kompensera', 0, 1),(131, 'enbart', 0, 1),(132, 'acc', 0, 1),(133, 'motverkar', 0, 1),(134, 'oroerligheten', 0, 1),(135, 'skridskorna', 0, 1),(136, 'men', 0, 1),(137, 'allt', 0, 2),(138, 'smaksak', 0, 1),(139, 'sjaelvklart', 0, 1),(140, 'wip', 0, 1),(141, 'ladda', 0, 1),(142, 'senaste', 0, 1),(143, 'matcher', 0, 1),(144, 'från', 0, 2),(145, 'spelarstatistik', 0, 1),(146, 'sparad', 0, 1),(147, 'varje', 0, 1),(148, 'match', 0, 1),(149, 'todo', 0, 4),(150, 'visa', 0, 1),(151, 'spelarsidorna', 0, 1),(152, 'skapa', 0, 1),(153, 'statistiksida', 0, 1),(154, 'statistik', 0, 1),(155, 'baserad', 0, 1),(156, 'matchdata', 0, 1),(157, 'fixa', 0, 2),(158, 'resultat', 0, 1),(159, 'matchsida', 0, 1),(160, 'video', 0, 1),(161, 'samt', 0, 1),(162, 'oevriga', 0, 1),(163, 'matcherna', 0, 1),(164, 'aeven', 0, 1),(165, 'soekfunktion', 0, 1),(166, 'daer', 0, 1),(167, 'man', 0, 1),(168, 'kan', 0, 1),(169, 'soeka', 0, 1),(170, 'upp', 0, 1),(171, 'motståndare', 0, 1),(172, 'tidigare', 0, 1),(173, 'inloggning', 0, 1),(174, 'nyheter', 0, 1),(175, 'spelare', 0, 1),(176, 'infon', 0, 1),(177, 'forumet', 0, 1),(178, 'grafik', 0, 1),(179, 'till', 0, 2),(180, 'login', 0, 1),(181, 'komma', 0, 1),(182, 'fram', 0, 1),(183, 'ett', 0, 2),(184, 'nytt', 0, 1),(185, 'upplaegg', 0, 1),(186, 'sidorna', 0, 1),(187, 'hemsidan', 0, 1),(188, 'nhlnyheter', 0, 1),(189, 'rss', 0, 1),(190, 'gaestbok', 0, 1),(191, 'uppgradera', 0, 1),(192, 'fonten', 0, 1),(193, 'navbaren', 0, 1),(194, 'uppdatera', 0, 1),(195, 'svenska', 0, 1),(196, 'engelska', 0, 1),(197, 'bildlaenkar', 0, 1),(198, 'ska', 0, 1),(199, 'uppdateras', 0, 1),(200, 'aendra', 0, 1),(201, 'rent', 0, 1),(202, 'css', 0, 1),(203, 'system', 0, 1),(204, 'content', 0, 1),(205, 'html', 0, 1),(206, 'separata', 0, 1),(207, 'smart', 0, 1),(208, 'namngivna', 0, 1),(209, 'filer', 0, 1);

# Table: phpbb_search_wordmatch
DROP TABLE IF EXISTS phpbb_search_wordmatch;
CREATE TABLE `phpbb_search_wordmatch` (
  `post_id` mediumint(8) unsigned NOT NULL DEFAULT '0',
  `word_id` mediumint(8) unsigned NOT NULL DEFAULT '0',
  `title_match` tinyint(1) unsigned NOT NULL DEFAULT '0',
  UNIQUE KEY `unq_mtch` (`word_id`,`post_id`,`title_match`),
  KEY `word_id` (`word_id`),
  KEY `post_id` (`post_id`)
) ENGINE=MyISAM DEFAULT CHARSET=utf8 COLLATE=utf8_bin;

INSERT INTO phpbb_search_wordmatch (post_id, word_id, title_match) VALUES (1, 1, 0),(1, 2, 0),(1, 3, 0),(1, 4, 0),(1, 5, 0),(1, 5, 1),(1, 6, 0),(1, 7, 0),(1, 8, 0),(1, 9, 0),(1, 10, 0),(1, 11, 0),(1, 12, 0),(1, 13, 0),(1, 14, 0),(1, 15, 0),(1, 16, 0),(1, 17, 0),(1, 18, 0),(1, 19, 0),(1, 20, 0),(1, 21, 0),(1, 22, 0),(1, 23, 0),(1, 24, 0),(1, 25, 0),(1, 26, 0),(1, 27, 0),(1, 28, 0),(1, 29, 0),(1, 30, 0),(1, 31, 0),(1, 32, 0),(1, 33, 0),(1, 34, 0),(1, 35, 0),(1, 36, 0),(1, 37, 0),(1, 38, 0),(1, 39, 0),(1, 40, 0),(1, 41, 0),(1, 42, 0),(1, 43, 0),(1, 44, 0),(10, 44, 0),(1, 45, 0),(1, 46, 0),(1, 47, 0),(1, 48, 0),(1, 49, 0),(1, 50, 0),(1, 51, 0),(1, 52, 0),(1, 53, 0),(1, 54, 0),(1, 55, 0),(1, 56, 0),(1, 57, 0),(1, 58, 1),(6, 65, 0),(6, 66, 0),(6, 67, 0),(6, 68, 0),(9, 68, 0),(10, 68, 0),(6, 69, 0),(6, 70, 0),(6, 71, 0),(9, 71, 0),(10, 71, 0),(6, 72, 0),(6, 73, 0),(8, 73, 0),(9, 73, 0),(10, 73, 0),(6, 74, 0),(6, 75, 0),(6, 76, 0),(6, 77, 0),(6, 78, 0),(6, 79, 0),(7, 79, 0),(6, 80, 0),(6, 81, 0),(7, 81, 0),(6, 82, 0),(7, 82, 0),(6, 83, 0),(7, 83, 0),(6, 84, 0),(7, 84, 0),(6, 85, 0),(7, 85, 0),(6, 86, 0),(7, 86, 0),(6, 87, 0),(7, 87, 0),(6, 88, 0),(7, 88, 0),(6, 89, 0),(7, 89, 0),(6, 90, 0),(7, 90, 0),(6, 91, 0),(7, 91, 0),(6, 92, 0),(7, 92, 0),(6, 93, 0),(7, 93, 0),(6, 94, 0),(7, 94, 0),(6, 95, 0),(7, 95, 0),(6, 96, 0),(7, 96, 0),(6, 97, 0),(7, 97, 0),(6, 98, 0),(7, 98, 0),(6, 99, 0),(7, 99, 0),(6, 100, 0),(7, 100, 0),(6, 101, 0),(7, 101, 0),(6, 102, 0),(7, 102, 0),(6, 103, 0),(7, 103, 0),(6, 104, 0),(7, 104, 0),(6, 105, 0),(7, 105, 0),(6, 106, 0),(7, 106, 0),(6, 107, 0),(7, 107, 0),(9, 107, 0),(6, 108, 0),(7, 108, 0),(6, 109, 0),(7, 109, 0),(6, 110, 0),(7, 110, 0),(6, 111, 0),(7, 111, 0),(9, 111, 0),(6, 112, 0),(7, 112, 0),(6, 113, 1),(6, 114, 1),(7, 115, 0),(7, 116, 0),(7, 117, 1),(8, 117, 1),(9, 117, 1),(8, 118, 0),(9, 118, 0),(8, 119, 0),(9, 119, 0),(8, 120, 0),(9, 120, 0),(8, 121, 0),(9, 121, 0),(8, 122, 0),(9, 122, 0),(8, 123, 0),(9, 123, 0),(8, 124, 0),(9, 124, 0),(8, 125, 0),(9, 125, 0),(8, 126, 0),(9, 126, 0),(9, 127, 0),(9, 128, 0),(9, 129, 0),(10, 129, 0),(9, 130, 0),(9, 131, 0),(9, 132, 0),(9, 133, 0),(9, 134, 0),(9, 135, 0),(9, 136, 0),(9, 137, 0),(11, 137, 0),(9, 138, 0),(9, 139, 0),(10, 140, 0),(10, 141, 0),(10, 142, 0),(10, 143, 0),(10, 144, 0),(11, 144, 0),(10, 145, 0),(10, 146, 0),(10, 147, 0),(10, 148, 0),(10, 149, 0),(10, 149, 1),(11, 149, 0),(11, 149, 1),(10, 150, 0),(10, 151, 0),(10, 152, 0),(10, 153, 0),(10, 154, 0),(10, 155, 0),(10, 156, 0),(10, 157, 0),(11, 157, 0),(10, 158, 0),(10, 159, 0),(10, 160, 0),(10, 161, 0),(10, 162, 0),(10, 163, 0),(10, 164, 0),(10, 165, 0),(10, 166, 0),(10, 167, 0),(10, 168, 0),(10, 169, 0),(10, 170, 0),(10, 171, 0),(10, 172, 0),(10, 173, 0),(10, 174, 0),(10, 175, 0),(10, 176, 0),(10, 177, 0),(11, 178, 0),(10, 179, 0),(11, 179, 0),(11, 180, 0),(11, 181, 0),(11, 182, 0),(10, 183, 0),(11, 183, 0),(11, 184, 0),(11, 185, 0),(11, 186, 0),(11, 187, 0),(11, 188, 0),(11, 189, 0),(11, 190, 0),(11, 191, 0),(11, 192, 0),(11, 193, 0),(11, 194, 0),(11, 195, 0),(11, 196, 0),(11, 197, 0),(11, 198, 0),(11, 199, 0),(10, 200, 0),(10, 201, 0),(10, 202, 0),(10, 203, 0),(10, 204, 0),(10, 205, 0),(10, 206, 0),(10, 207, 0),(10, 208, 0),(10, 209, 0);

# Table: phpbb_sessions
DROP TABLE IF EXISTS phpbb_sessions;
CREATE TABLE `phpbb_sessions` (
  `session_id` char(32) COLLATE utf8_bin NOT NULL DEFAULT '',
  `session_user_id` mediumint(8) unsigned NOT NULL DEFAULT '0',
  `session_forum_id` mediumint(8) unsigned NOT NULL DEFAULT '0',
  `session_last_visit` int(11) unsigned NOT NULL DEFAULT '0',
  `session_start` int(11) unsigned NOT NULL DEFAULT '0',
  `session_time` int(11) unsigned NOT NULL DEFAULT '0',
  `session_ip` varchar(40) COLLATE utf8_bin NOT NULL DEFAULT '',
  `session_browser` varchar(150) COLLATE utf8_bin NOT NULL DEFAULT '',
  `session_forwarded_for` varchar(255) COLLATE utf8_bin NOT NULL DEFAULT '',
  `session_page` varchar(255) COLLATE utf8_bin NOT NULL DEFAULT '',
  `session_viewonline` tinyint(1) unsigned NOT NULL DEFAULT '1',
  `session_autologin` tinyint(1) unsigned NOT NULL DEFAULT '0',
  `session_admin` tinyint(1) unsigned NOT NULL DEFAULT '0',
  PRIMARY KEY (`session_id`),
  KEY `session_time` (`session_time`),
  KEY `session_user_id` (`session_user_id`),
  KEY `session_fid` (`session_forum_id`)
) ENGINE=MyISAM DEFAULT CHARSET=utf8 COLLATE=utf8_bin;

INSERT INTO phpbb_sessions (session_id, session_user_id, session_forum_id, session_last_visit, session_start, session_time, session_ip, session_browser, session_forwarded_for, session_page, session_viewonline, session_autologin, session_admin) VALUES ('caa5e4350ffdff7b7f97650386e39a65', 1, 0, 1398625710, 1398625710, 1398625710, '83.255.65.252', 'Mozilla/5.0 (Windows NT 6.1; WOW64) AppleWebKit/537.36 (KHTML, like Gecko) Chrome/34.0.1847.116 Safari/537.36', '', 'index.php', 1, 0, 0),('013fef1d3e0ee97f63f8c7794359d54b', 2, 0, 1398522934, 1398625297, 1398625297, '83.255.65.252', 'Mozilla/5.0 (Windows NT 6.1; WOW64) AppleWebKit/537.36 (KHTML, like Gecko) Chrome/34.0.1847.116 Safari/537.36', '', 'ucp.php?mode=login', 1, 0, 0),('0b29756124404464c143d01e12ec148d', 1, 0, 1398625300, 1398625300, 1398625300, '83.255.65.252', 'Mozilla/5.0 (Windows NT 6.1; WOW64) AppleWebKit/537.36 (KHTML, like Gecko) Chrome/34.0.1847.116 Safari/537.36', '', 'ucp.php', 1, 0, 0),('da3b0ae952ca861fbd842a2d861b88fa', 1, 0, 1398625300, 1398625300, 1398625300, '83.255.65.252', 'Mozilla/5.0 (Windows NT 6.1; WOW64) AppleWebKit/537.36 (KHTML, like Gecko) Chrome/34.0.1847.116 Safari/537.36', '', 'cron.php?cron_type=tidy_warnings', 1, 0, 0),('76392e9b05ec2ee30385b9bd6eb31be8', 1, 0, 1398625304, 1398625304, 1398625304, '83.255.65.252', 'Mozilla/5.0 (Windows NT 6.1; WOW64) AppleWebKit/537.36 (KHTML, like Gecko) Chrome/34.0.1847.116 Safari/537.36', '', 'index.php', 1, 0, 0),('9c932d85981e45b82653e1db79a91c82', 1, 0, 1398625305, 1398625305, 1398625305, '83.255.65.252', 'Mozilla/5.0 (Windows NT 6.1; WOW64) AppleWebKit/537.36 (KHTML, like Gecko) Chrome/34.0.1847.116 Safari/537.36', '', 'cron.php?cron_type=tidy_search', 1, 0, 0),('bbcb7b13373005bad780769834222bf9', 2, 0, 1398522934, 1398625310, 1398625310, '83.255.65.252', 'Mozilla/5.0 (Windows NT 6.1; WOW64) AppleWebKit/537.36 (KHTML, like Gecko) Chrome/34.0.1847.116 Safari/537.36', '', 'ucp.php?mode=login', 1, 0, 0),('d12c255e901dafda0b0b88772a5a462c', 1, 0, 1398625313, 1398625313, 1398625313, '83.255.65.252', 'Mozilla/5.0 (Windows NT 6.1; WOW64) AppleWebKit/537.36 (KHTML, like Gecko) Chrome/34.0.1847.116 Safari/537.36', '', 'index.php', 1, 0, 0),('b18b33d26c19bce9dcb3df964e488a8c', 1, 0, 1398625314, 1398625314, 1398625314, '83.255.65.252', 'Mozilla/5.0 (Windows NT 6.1; WOW64) AppleWebKit/537.36 (KHTML, like Gecko) Chrome/34.0.1847.116 Safari/537.36', '', 'cron.php?cron_type=tidy_sessions', 1, 0, 0),('3cf9540648ed44593c766bac89bdee22', 2, 0, 1398522934, 1398625651, 1398625651, '83.255.65.252', 'Mozilla/5.0 (Windows NT 6.1; WOW64) AppleWebKit/537.36 (KHTML, like Gecko) Chrome/34.0.1847.116 Safari/537.36', '', 'ucp.php?mode=login', 1, 0, 0),('d929ee383337e76d99bf8ade07dfa034', 1, 0, 1398625653, 1398625653, 1398625653, '83.255.65.252', 'Mozilla/5.0 (Windows NT 6.1; WOW64) AppleWebKit/537.36 (KHTML, like Gecko) Chrome/34.0.1847.116 Safari/537.36', '', 'index.php', 1, 0, 0),('32e1b493a9c2f510d80902e590ef318e', 2, 0, 1398522934, 1398625660, 1398625660, '83.255.65.252', 'Mozilla/5.0 (Windows NT 6.1; WOW64) AppleWebKit/537.36 (KHTML, like Gecko) Chrome/34.0.1847.116 Safari/537.36', '', 'ucp.php?mode=login', 1, 0, 0),('add17a2d4ff595761da3f9da67571295', 1, 0, 1398625664, 1398625664, 1398625664, '83.255.65.252', 'Mozilla/5.0 (Windows NT 6.1; WOW64) AppleWebKit/537.36 (KHTML, like Gecko) Chrome/34.0.1847.116 Safari/537.36', '', 'index.php', 1, 0, 0),('9c027c7fd00ccadd954694571238994f', 2, 0, 1398522934, 1398625689, 1398625689, '83.255.65.252', 'Mozilla/5.0 (Windows NT 6.1; WOW64) AppleWebKit/537.36 (KHTML, like Gecko) Chrome/34.0.1847.116 Safari/537.36', '', 'ucp.php?mode=login', 1, 1, 0),('43d719e60b1a8f6dabc09287c06ebe13', 1, 0, 1398625692, 1398625692, 1398625692, '83.255.65.252', 'Mozilla/5.0 (Windows NT 6.1; WOW64) AppleWebKit/537.36 (KHTML, like Gecko) Chrome/34.0.1847.116 Safari/537.36', '', 'index.php', 1, 0, 0),('50e457cfbc3160803ea0d9cfb3544a9d', 1, 0, 1398625287, 1398625287, 1398625287, '83.255.65.252', 'Mozilla/5.0 (Windows NT 6.1; WOW64) AppleWebKit/537.36 (KHTML, like Gecko) Chrome/34.0.1847.116 Safari/537.36', '', 'index.php', 1, 0, 0),('df8760057717c7f5736467db8e230468', 1, 0, 1398625287, 1398625287, 1398625287, '83.255.65.252', 'Mozilla/5.0 (Windows NT 6.1; WOW64) AppleWebKit/537.36 (KHTML, like Gecko) Chrome/34.0.1847.116 Safari/537.36', '', 'cron.php?cron_type=tidy_cache', 1, 0, 0),('cd2edf6ac6776f70c8c500dec887205f', 1, 0, 1398625644, 1398625644, 1398625644, '83.255.65.252', 'Mozilla/5.0 (Windows NT 6.1; WOW64) AppleWebKit/537.36 (KHTML, like Gecko) Chrome/34.0.1847.116 Safari/537.36', '', 'index.php', 1, 0, 0),('d74ee619f9aaa90e6dd4ea8796add606', 1, 0, 1398625644, 1398625644, 1398625644, '83.255.65.252', 'Mozilla/5.0 (Windows NT 6.1; WOW64) AppleWebKit/537.36 (KHTML, like Gecko) Chrome/34.0.1847.116 Safari/537.36', '', 'ucp.php?mode=delete_cookies&confirm_key=2VKW9DV2UW', 1, 0, 0),('bd00042af2e3b59b6099764f9d7bb5d7', 1, 0, 1398625641, 1398625641, 1398625641, '83.255.65.252', 'Mozilla/5.0 (Windows NT 6.1; WOW64) AppleWebKit/537.36 (KHTML, like Gecko) Chrome/34.0.1847.116 Safari/537.36', '', 'ucp.php?mode=delete_cookies', 1, 0, 0),('7fee9f2099a8091869f993d2233482b7', 2, 0, 1398522934, 1398625631, 1398625631, '83.255.65.252', 'Mozilla/5.0 (Windows NT 6.1; WOW64) AppleWebKit/537.36 (KHTML, like Gecko) Chrome/34.0.1847.116 Safari/537.36', '', 'ucp.php?mode=login', 1, 0, 0),('bc688141e6c5ba3e788b337e8f5ffbe4', 2, 0, 1398522934, 1398625623, 1398625623, '83.255.65.252', 'Mozilla/5.0 (Windows NT 6.1; WOW64) AppleWebKit/537.36 (KHTML, like Gecko) Chrome/34.0.1847.116 Safari/537.36', '', 'ucp.php?mode=login', 1, 0, 0),('efb75ad6b5f5bb250e8ce59c4742a167', 1, 0, 1398625625, 1398625625, 1398625625, '83.255.65.252', 'Mozilla/5.0 (Windows NT 6.1; WOW64) AppleWebKit/537.36 (KHTML, like Gecko) Chrome/34.0.1847.116 Safari/537.36', '', 'index.php', 1, 0, 0),('40cf501021513ba6af2ae76e8bcad0dd', 1, 0, 1398625634, 1398625634, 1398625634, '83.255.65.252', 'Mozilla/5.0 (Windows NT 6.1; WOW64) AppleWebKit/537.36 (KHTML, like Gecko) Chrome/34.0.1847.116 Safari/537.36', '', 'index.php', 1, 0, 0),('ad43fac46251247db89917735c4073f6', 1, 0, 1398625712, 1398625712, 1398625712, '83.255.65.252', 'Mozilla/5.0 (Windows NT 6.1; WOW64) AppleWebKit/537.36 (KHTML, like Gecko) Chrome/34.0.1847.116 Safari/537.36', '', 'ucp.php?mode=delete_cookies', 1, 0, 0),('8b14fa82655c2db89321c08521ee68b2', 1, 0, 1398625715, 1398625715, 1398625715, '83.255.65.252', 'Mozilla/5.0 (Windows NT 6.1; WOW64) AppleWebKit/537.36 (KHTML, like Gecko) Chrome/34.0.1847.116 Safari/537.36', '', 'ucp.php?mode=delete_cookies&confirm_key=U9J5B2GSVM', 1, 0, 0),('2ac9a8e7bea70fb1f2baa6d8caba6ab6', 1, 0, 1398625715, 1398625715, 1398625715, '83.255.65.252', 'Mozilla/5.0 (Windows NT 6.1; WOW64) AppleWebKit/537.36 (KHTML, like Gecko) Chrome/34.0.1847.116 Safari/537.36', '', 'index.php', 1, 0, 0),('118c147168af1bb7d0916d1831f49a60', 1, 0, 1398625720, 1398625720, 1398625720, '83.255.65.252', 'Mozilla/5.0 (Windows NT 6.1; WOW64) AppleWebKit/537.36 (KHTML, like Gecko) Chrome/34.0.1847.116 Safari/537.36', '', 'index.php', 1, 0, 0),('ee78782dd204d0b535a55e1e0dd3936c', 2, 0, 1398522934, 1398625780, 1398625780, '83.255.65.252', 'Mozilla/5.0 (Windows NT 6.1; WOW64) AppleWebKit/537.36 (KHTML, like Gecko) Chrome/34.0.1847.116 Safari/537.36', '', 'ucp.php?mode=login', 1, 0, 0),('dff42b20866c2b45f48a152acc7189fa', 1, 0, 1398625783, 1398625783, 1398625783, '83.255.65.252', 'Mozilla/5.0 (Windows NT 6.1; WOW64) AppleWebKit/537.36 (KHTML, like Gecko) Chrome/34.0.1847.116 Safari/537.36', '', 'index.php', 1, 0, 0),('f84753b8c380adf0fe444073716ff71f', 1, 0, 1398625853, 1398625853, 1398625853, '83.255.65.252', 'Mozilla/5.0 (Windows NT 6.1; WOW64) AppleWebKit/537.36 (KHTML, like Gecko) Chrome/34.0.1847.116 Safari/537.36', '', 'ucp.php?mode=login', 1, 0, 0),('4386e1aa1f1d679f0d46b0c842423537', 2, 0, 1398522934, 1398625861, 1398625861, '83.255.65.252', 'Mozilla/5.0 (Windows NT 6.1; WOW64) AppleWebKit/537.36 (KHTML, like Gecko) Chrome/34.0.1847.116 Safari/537.36', '', 'ucp.php?mode=login', 1, 0, 0),('4dd7fb3ae0c416f5296bc70df347a6b1', 1, 0, 1398625864, 1398625864, 1398625864, '83.255.65.252', 'Mozilla/5.0 (Windows NT 6.1; WOW64) AppleWebKit/537.36 (KHTML, like Gecko) Chrome/34.0.1847.116 Safari/537.36', '', 'index.php', 1, 0, 0),('40f99a7403b3d955177e7f77583d7981', 1, 0, 1398625882, 1398625882, 1398625882, '83.255.65.252', 'Mozilla/5.0 (Windows NT 6.1; WOW64) AppleWebKit/537.36 (KHTML, like Gecko) Chrome/34.0.1847.116 Safari/537.36', '', 'index.php', 1, 0, 0),('7106849c92667b4914e4c88c90f2d51b', 1, 0, 1398625885, 1398625885, 1398625885, '83.255.65.252', 'Mozilla/5.0 (Windows NT 6.1; WOW64) AppleWebKit/537.36 (KHTML, like Gecko) Chrome/34.0.1847.116 Safari/537.36', '', 'search.php?search_id=active_topics', 1, 0, 0),('77f1901c4e5b609ba758da12a1338778', 1, 0, 1398625891, 1398625891, 1398625891, '83.255.65.252', 'Mozilla/5.0 (Windows NT 6.1; WOW64) AppleWebKit/537.36 (KHTML, like Gecko) Chrome/34.0.1847.116 Safari/537.36', '', 'index.php', 1, 0, 0),('994fdd96b948d4541cd6afee91f52d19', 2, 0, 1398522934, 1398625900, 1398625900, '83.255.65.252', 'Mozilla/5.0 (Windows NT 6.1; WOW64) AppleWebKit/537.36 (KHTML, like Gecko) Chrome/34.0.1847.116 Safari/537.36', '', 'ucp.php?mode=login', 1, 0, 0),('279eecb31df4ca37461927031b6d3d0e', 1, 0, 1398625904, 1398625904, 1398625904, '83.255.65.252', 'Mozilla/5.0 (Windows NT 6.1; WOW64) AppleWebKit/537.36 (KHTML, like Gecko) Chrome/34.0.1847.116 Safari/537.36', '', 'index.php', 1, 0, 0),('c202cea25c42af88bc14976ca4d6bd77', 2, 0, 1398522934, 1398625910, 1398625910, '83.255.65.252', 'Mozilla/5.0 (Windows NT 6.1; WOW64) AppleWebKit/537.36 (KHTML, like Gecko) Chrome/34.0.1847.116 Safari/537.36', '', 'ucp.php?mode=login', 1, 0, 0),('cdfcbdea6163f12e66f7e05c8d509c86', 1, 0, 1398625912, 1398625912, 1398625912, '83.255.65.252', 'Mozilla/5.0 (Windows NT 6.1; WOW64) AppleWebKit/537.36 (KHTML, like Gecko) Chrome/34.0.1847.116 Safari/537.36', '', 'index.php', 1, 0, 0),('9d98b68102b9d168d21a9177dd67c963', 53, 0, 1398597308, 1398625919, 1398625919, '83.255.65.252', 'Mozilla/5.0 (Windows NT 6.1; WOW64) AppleWebKit/537.36 (KHTML, like Gecko) Chrome/34.0.1847.116 Safari/537.36', '', 'ucp.php?mode=login', 1, 0, 0),('a29a1f6bc8b91b33c144510d96be6d00', 1, 0, 1398625922, 1398625922, 1398625922, '83.255.65.252', 'Mozilla/5.0 (Windows NT 6.1; WOW64) AppleWebKit/537.36 (KHTML, like Gecko) Chrome/34.0.1847.116 Safari/537.36', '', 'index.php', 1, 0, 0),('9c1bfb92737fac91ad502a52b92851a8', 1, 0, 1398625928, 1398625928, 1398625928, '83.255.65.252', 'Mozilla/5.0 (Windows NT 6.1; WOW64) AppleWebKit/537.36 (KHTML, like Gecko) Chrome/34.0.1847.116 Safari/537.36', '', 'memberlist.php?mode=leaders', 1, 0, 0),('119e2e5a79fadb6933631d1f85b2c021', 1, 0, 1398625933, 1398625933, 1398625933, '83.255.65.252', 'Mozilla/5.0 (Windows NT 6.1; WOW64) AppleWebKit/537.36 (KHTML, like Gecko) Chrome/34.0.1847.116 Safari/537.36', '', 'ucp.php?mode=sendpassword', 1, 0, 0),('9421c78ed10d8d98b781f7fb1e7e529c', 53, 0, 1398597308, 1398625939, 1398625939, '83.255.65.252', 'Mozilla/5.0 (Windows NT 6.1; WOW64) AppleWebKit/537.36 (KHTML, like Gecko) Chrome/34.0.1847.116 Safari/537.36', '', 'ucp.php?mode=login', 1, 0, 0),('f59bae27125d58d52837e3215a96427a', 1, 0, 1398625943, 1398625943, 1398625943, '83.255.65.252', 'Mozilla/5.0 (Windows NT 6.1; WOW64) AppleWebKit/537.36 (KHTML, like Gecko) Chrome/34.0.1847.116 Safari/537.36', '', 'memberlist.php?mode=leaders', 1, 0, 0),('7981649e51bc7e9fd9c19ea0ab10c021', 2, 0, 1398522934, 1398625984, 1398628789, '83.255.65.252', 'Mozilla/5.0 (Windows NT 6.1; WOW64; rv:25.0) Gecko/20100101 Firefox/25.0', '', 'adm/index.php?i=database&mode=backup&action=download', 1, 0, 1);

# Table: phpbb_sessions_keys
DROP TABLE IF EXISTS phpbb_sessions_keys;
CREATE TABLE `phpbb_sessions_keys` (
  `key_id` char(32) COLLATE utf8_bin NOT NULL DEFAULT '',
  `user_id` mediumint(8) unsigned NOT NULL DEFAULT '0',
  `last_ip` varchar(40) COLLATE utf8_bin NOT NULL DEFAULT '',
  `last_login` int(11) unsigned NOT NULL DEFAULT '0',
  PRIMARY KEY (`key_id`,`user_id`),
  KEY `last_login` (`last_login`)
) ENGINE=MyISAM DEFAULT CHARSET=utf8 COLLATE=utf8_bin;

INSERT INTO phpbb_sessions_keys (key_id, user_id, last_ip, last_login) VALUES ('cef05cae49e6b23801f1ede592904c48', 49, '83.226.175.172', 1395269482),('723ffb2850bc80b0a8073d1d808a16a1', 50, '83.255.69.255', 1395738314),('9432c5bb17379388d4fb5d019ed1466f', 51, '83.255.72.216', 1395400820),('702926c3e0fb5a011a9a012966ec3aad', 49, '83.226.175.172', 1395878558),('d063cb4c39f4d40562692ea5619a265b', 54, '46.162.79.124', 1395707969),('3904026ab31e3c80e9b4d68a8cf48c3c', 52, '79.136.20.204', 1396029212),('acd15b331b23753cb114633cc5d71158', 52, '109.58.149.182', 1395812150),('e6bb18a028e963c0a0c53547b17c8308', 55, '81.231.130.161', 1398106675),('97ffb6f593bc66e24a2c7b34ba179271', 50, '83.255.69.255', 1395836205),('87dfb1ae08194bd3a5a90d734aa0877d', 50, '83.255.69.255', 1396108395),('68a4092689febc5ebafe097ef82cc2b4', 50, '83.255.69.255', 1398590505),('b024031c3ac6ee000b890bbf271f8475', 2, '83.255.65.252', 1398625689),('dec7bf0e815f88d6b116a357640e8b7d', 49, '83.226.175.172', 1398208936);

# Table: phpbb_sitelist
DROP TABLE IF EXISTS phpbb_sitelist;
CREATE TABLE `phpbb_sitelist` (
  `site_id` mediumint(8) unsigned NOT NULL AUTO_INCREMENT,
  `site_ip` varchar(40) COLLATE utf8_bin NOT NULL DEFAULT '',
  `site_hostname` varchar(255) COLLATE utf8_bin NOT NULL DEFAULT '',
  `ip_exclude` tinyint(1) unsigned NOT NULL DEFAULT '0',
  PRIMARY KEY (`site_id`)
) ENGINE=MyISAM DEFAULT CHARSET=utf8 COLLATE=utf8_bin;

# Table: phpbb_smilies
DROP TABLE IF EXISTS phpbb_smilies;
CREATE TABLE `phpbb_smilies` (
  `smiley_id` mediumint(8) unsigned NOT NULL AUTO_INCREMENT,
  `code` varchar(50) COLLATE utf8_bin NOT NULL DEFAULT '',
  `emotion` varchar(50) COLLATE utf8_bin NOT NULL DEFAULT '',
  `smiley_url` varchar(50) COLLATE utf8_bin NOT NULL DEFAULT '',
  `smiley_width` smallint(4) unsigned NOT NULL DEFAULT '0',
  `smiley_height` smallint(4) unsigned NOT NULL DEFAULT '0',
  `smiley_order` mediumint(8) unsigned NOT NULL DEFAULT '0',
  `display_on_posting` tinyint(1) unsigned NOT NULL DEFAULT '1',
  PRIMARY KEY (`smiley_id`),
  KEY `display_on_post` (`display_on_posting`)
) ENGINE=MyISAM AUTO_INCREMENT=43 DEFAULT CHARSET=utf8 COLLATE=utf8_bin;

INSERT INTO phpbb_smilies (smiley_id, code, emotion, smiley_url, smiley_width, smiley_height, smiley_order, display_on_posting) VALUES (1, ':D', 'Very Happy', 'icon_e_biggrin.gif', 15, 17, 1, 1),(2, ':-D', 'Very Happy', 'icon_e_biggrin.gif', 15, 17, 2, 1),(3, ':grin:', 'Very Happy', 'icon_e_biggrin.gif', 15, 17, 3, 1),(4, ':)', 'Smile', 'icon_e_smile.gif', 15, 17, 4, 1),(5, ':-)', 'Smile', 'icon_e_smile.gif', 15, 17, 5, 1),(6, ':smile:', 'Smile', 'icon_e_smile.gif', 15, 17, 6, 1),(7, ';)', 'Wink', 'icon_e_wink.gif', 15, 17, 7, 1),(8, ';-)', 'Wink', 'icon_e_wink.gif', 15, 17, 8, 1),(9, ':wink:', 'Wink', 'icon_e_wink.gif', 15, 17, 9, 1),(10, ':(', 'Sad', 'icon_e_sad.gif', 15, 17, 10, 1),(11, ':-(', 'Sad', 'icon_e_sad.gif', 15, 17, 11, 1),(12, ':sad:', 'Sad', 'icon_e_sad.gif', 15, 17, 12, 1),(13, ':o', 'Surprised', 'icon_e_surprised.gif', 15, 17, 13, 1),(14, ':-o', 'Surprised', 'icon_e_surprised.gif', 15, 17, 14, 1),(15, ':eek:', 'Surprised', 'icon_e_surprised.gif', 15, 17, 15, 1),(16, ':shock:', 'Shocked', 'icon_eek.gif', 15, 17, 16, 1),(17, ':?', 'Confused', 'icon_e_confused.gif', 15, 17, 17, 1),(18, ':-?', 'Confused', 'icon_e_confused.gif', 15, 17, 18, 1),(19, ':???:', 'Confused', 'icon_e_confused.gif', 15, 17, 19, 1),(20, '8-)', 'Cool', 'icon_cool.gif', 15, 17, 20, 1),(21, ':cool:', 'Cool', 'icon_cool.gif', 15, 17, 21, 1),(22, ':lol:', 'Laughing', 'icon_lol.gif', 15, 17, 22, 1),(23, ':x', 'Mad', 'icon_mad.gif', 15, 17, 23, 1),(24, ':-x', 'Mad', 'icon_mad.gif', 15, 17, 24, 1),(25, ':mad:', 'Mad', 'icon_mad.gif', 15, 17, 25, 1),(26, ':P', 'Razz', 'icon_razz.gif', 15, 17, 26, 1),(27, ':-P', 'Razz', 'icon_razz.gif', 15, 17, 27, 1),(28, ':razz:', 'Razz', 'icon_razz.gif', 15, 17, 28, 1),(29, ':oops:', 'Embarrassed', 'icon_redface.gif', 15, 17, 29, 1),(30, ':cry:', 'Crying or Very Sad', 'icon_cry.gif', 15, 17, 30, 1),(31, ':evil:', 'Evil or Very Mad', 'icon_evil.gif', 15, 17, 31, 1),(32, ':twisted:', 'Twisted Evil', 'icon_twisted.gif', 15, 17, 32, 1),(33, ':roll:', 'Rolling Eyes', 'icon_rolleyes.gif', 15, 17, 33, 1),(34, ':!:', 'Exclamation', 'icon_exclaim.gif', 15, 17, 34, 1),(35, ':?:', 'Question', 'icon_question.gif', 15, 17, 35, 1),(36, ':idea:', 'Idea', 'icon_idea.gif', 15, 17, 36, 1),(37, ':arrow:', 'Arrow', 'icon_arrow.gif', 15, 17, 37, 1),(38, ':|', 'Neutral', 'icon_neutral.gif', 15, 17, 38, 1),(39, ':-|', 'Neutral', 'icon_neutral.gif', 15, 17, 39, 1),(40, ':mrgreen:', 'Mr. Green', 'icon_mrgreen.gif', 15, 17, 40, 1),(41, ':geek:', 'Geek', 'icon_e_geek.gif', 17, 17, 41, 1),(42, ':ugeek:', 'Uber Geek', 'icon_e_ugeek.gif', 17, 18, 42, 1);

# Table: phpbb_styles
DROP TABLE IF EXISTS phpbb_styles;
CREATE TABLE `phpbb_styles` (
  `style_id` mediumint(8) unsigned NOT NULL AUTO_INCREMENT,
  `style_name` varchar(255) COLLATE utf8_bin NOT NULL DEFAULT '',
  `style_copyright` varchar(255) COLLATE utf8_bin NOT NULL DEFAULT '',
  `style_active` tinyint(1) unsigned NOT NULL DEFAULT '1',
  `template_id` mediumint(8) unsigned NOT NULL DEFAULT '0',
  `theme_id` mediumint(8) unsigned NOT NULL DEFAULT '0',
  `imageset_id` mediumint(8) unsigned NOT NULL DEFAULT '0',
  PRIMARY KEY (`style_id`),
  UNIQUE KEY `style_name` (`style_name`),
  KEY `template_id` (`template_id`),
  KEY `theme_id` (`theme_id`),
  KEY `imageset_id` (`imageset_id`)
) ENGINE=MyISAM AUTO_INCREMENT=3 DEFAULT CHARSET=utf8 COLLATE=utf8_bin;

INSERT INTO phpbb_styles (style_id, style_name, style_copyright, style_active, template_id, theme_id, imageset_id) VALUES (1, 'prosilver', '&copy; phpBB Group', 1, 1, 1, 1),(2, 'CA Black', '&copy; 2007-2011 ST Software', 1, 2, 2, 2);

# Table: phpbb_styles_imageset
DROP TABLE IF EXISTS phpbb_styles_imageset;
CREATE TABLE `phpbb_styles_imageset` (
  `imageset_id` mediumint(8) unsigned NOT NULL AUTO_INCREMENT,
  `imageset_name` varchar(255) COLLATE utf8_bin NOT NULL DEFAULT '',
  `imageset_copyright` varchar(255) COLLATE utf8_bin NOT NULL DEFAULT '',
  `imageset_path` varchar(100) COLLATE utf8_bin NOT NULL DEFAULT '',
  PRIMARY KEY (`imageset_id`),
  UNIQUE KEY `imgset_nm` (`imageset_name`)
) ENGINE=MyISAM AUTO_INCREMENT=3 DEFAULT CHARSET=utf8 COLLATE=utf8_bin;

INSERT INTO phpbb_styles_imageset (imageset_id, imageset_name, imageset_copyright, imageset_path) VALUES (1, 'prosilver', '&copy; phpBB Group', 'prosilver'),(2, 'CA Black', '&copy; 2007-2011 ST Software', 'ca_black');

# Table: phpbb_styles_imageset_data
DROP TABLE IF EXISTS phpbb_styles_imageset_data;
CREATE TABLE `phpbb_styles_imageset_data` (
  `image_id` mediumint(8) unsigned NOT NULL AUTO_INCREMENT,
  `image_name` varchar(200) COLLATE utf8_bin NOT NULL DEFAULT '',
  `image_filename` varchar(200) COLLATE utf8_bin NOT NULL DEFAULT '',
  `image_lang` varchar(30) COLLATE utf8_bin NOT NULL DEFAULT '',
  `image_height` smallint(4) unsigned NOT NULL DEFAULT '0',
  `image_width` smallint(4) unsigned NOT NULL DEFAULT '0',
  `imageset_id` mediumint(8) unsigned NOT NULL DEFAULT '0',
  PRIMARY KEY (`image_id`),
  KEY `i_d` (`imageset_id`)
) ENGINE=MyISAM AUTO_INCREMENT=159 DEFAULT CHARSET=utf8 COLLATE=utf8_bin;

INSERT INTO phpbb_styles_imageset_data (image_id, image_name, image_filename, image_lang, image_height, image_width, imageset_id) VALUES (1, 'site_logo', 'site_logo.gif', '', 52, 139, 1),(2, 'forum_link', 'forum_link.gif', '', 27, 27, 1),(3, 'forum_read', 'forum_read.gif', '', 27, 27, 1),(4, 'forum_read_locked', 'forum_read_locked.gif', '', 27, 27, 1),(5, 'forum_read_subforum', 'forum_read_subforum.gif', '', 27, 27, 1),(6, 'forum_unread', 'forum_unread.gif', '', 27, 27, 1),(7, 'forum_unread_locked', 'forum_unread_locked.gif', '', 27, 27, 1),(8, 'forum_unread_subforum', 'forum_unread_subforum.gif', '', 27, 27, 1),(9, 'topic_moved', 'topic_moved.gif', '', 27, 27, 1),(10, 'topic_read', 'topic_read.gif', '', 27, 27, 1),(11, 'topic_read_mine', 'topic_read_mine.gif', '', 27, 27, 1),(12, 'topic_read_hot', 'topic_read_hot.gif', '', 27, 27, 1),(13, 'topic_read_hot_mine', 'topic_read_hot_mine.gif', '', 27, 27, 1),(14, 'topic_read_locked', 'topic_read_locked.gif', '', 27, 27, 1),(15, 'topic_read_locked_mine', 'topic_read_locked_mine.gif', '', 27, 27, 1),(16, 'topic_unread', 'topic_unread.gif', '', 27, 27, 1),(17, 'topic_unread_mine', 'topic_unread_mine.gif', '', 27, 27, 1),(18, 'topic_unread_hot', 'topic_unread_hot.gif', '', 27, 27, 1),(19, 'topic_unread_hot_mine', 'topic_unread_hot_mine.gif', '', 27, 27, 1),(20, 'topic_unread_locked', 'topic_unread_locked.gif', '', 27, 27, 1),(21, 'topic_unread_locked_mine', 'topic_unread_locked_mine.gif', '', 27, 27, 1),(22, 'sticky_read', 'sticky_read.gif', '', 27, 27, 1),(23, 'sticky_read_mine', 'sticky_read_mine.gif', '', 27, 27, 1),(24, 'sticky_read_locked', 'sticky_read_locked.gif', '', 27, 27, 1),(25, 'sticky_read_locked_mine', 'sticky_read_locked_mine.gif', '', 27, 27, 1),(26, 'sticky_unread', 'sticky_unread.gif', '', 27, 27, 1),(27, 'sticky_unread_mine', 'sticky_unread_mine.gif', '', 27, 27, 1),(28, 'sticky_unread_locked', 'sticky_unread_locked.gif', '', 27, 27, 1),(29, 'sticky_unread_locked_mine', 'sticky_unread_locked_mine.gif', '', 27, 27, 1),(30, 'announce_read', 'announce_read.gif', '', 27, 27, 1),(31, 'announce_read_mine', 'announce_read_mine.gif', '', 27, 27, 1),(32, 'announce_read_locked', 'announce_read_locked.gif', '', 27, 27, 1),(33, 'announce_read_locked_mine', 'announce_read_locked_mine.gif', '', 27, 27, 1),(34, 'announce_unread', 'announce_unread.gif', '', 27, 27, 1),(35, 'announce_unread_mine', 'announce_unread_mine.gif', '', 27, 27, 1),(36, 'announce_unread_locked', 'announce_unread_locked.gif', '', 27, 27, 1),(37, 'announce_unread_locked_mine', 'announce_unread_locked_mine.gif', '', 27, 27, 1),(38, 'global_read', 'announce_read.gif', '', 27, 27, 1),(39, 'global_read_mine', 'announce_read_mine.gif', '', 27, 27, 1),(40, 'global_read_locked', 'announce_read_locked.gif', '', 27, 27, 1),(41, 'global_read_locked_mine', 'announce_read_locked_mine.gif', '', 27, 27, 1),(42, 'global_unread', 'announce_unread.gif', '', 27, 27, 1),(43, 'global_unread_mine', 'announce_unread_mine.gif', '', 27, 27, 1),(44, 'global_unread_locked', 'announce_unread_locked.gif', '', 27, 27, 1),(45, 'global_unread_locked_mine', 'announce_unread_locked_mine.gif', '', 27, 27, 1),(46, 'pm_read', 'topic_read.gif', '', 27, 27, 1),(47, 'pm_unread', 'topic_unread.gif', '', 27, 27, 1),(48, 'icon_back_top', 'icon_back_top.gif', '', 11, 11, 1),(49, 'icon_contact_aim', 'icon_contact_aim.gif', '', 20, 20, 1),(50, 'icon_contact_email', 'icon_contact_email.gif', '', 20, 20, 1),(51, 'icon_contact_icq', 'icon_contact_icq.gif', '', 20, 20, 1),(52, 'icon_contact_jabber', 'icon_contact_jabber.gif', '', 20, 20, 1),(53, 'icon_contact_msnm', 'icon_contact_msnm.gif', '', 20, 20, 1),(54, 'icon_contact_www', 'icon_contact_www.gif', '', 20, 20, 1),(55, 'icon_contact_yahoo', 'icon_contact_yahoo.gif', '', 20, 20, 1),(56, 'icon_post_delete', 'icon_post_delete.gif', '', 20, 20, 1),(57, 'icon_post_info', 'icon_post_info.gif', '', 20, 20, 1),(58, 'icon_post_report', 'icon_post_report.gif', '', 20, 20, 1),(59, 'icon_post_target', 'icon_post_target.gif', '', 9, 11, 1),(60, 'icon_post_target_unread', 'icon_post_target_unread.gif', '', 9, 11, 1),(61, 'icon_topic_attach', 'icon_topic_attach.gif', '', 10, 7, 1),(62, 'icon_topic_latest', 'icon_topic_latest.gif', '', 9, 11, 1),(63, 'icon_topic_newest', 'icon_topic_newest.gif', '', 9, 11, 1),(64, 'icon_topic_reported', 'icon_topic_reported.gif', '', 14, 16, 1),(65, 'icon_topic_unapproved', 'icon_topic_unapproved.gif', '', 14, 16, 1),(66, 'icon_user_warn', 'icon_user_warn.gif', '', 20, 20, 1),(67, 'subforum_read', 'subforum_read.gif', '', 9, 11, 1),(68, 'subforum_unread', 'subforum_unread.gif', '', 9, 11, 1),(69, 'icon_contact_pm', 'icon_contact_pm.gif', 'en', 20, 28, 1),(70, 'icon_post_edit', 'icon_post_edit.gif', 'en', 20, 42, 1),(71, 'icon_post_quote', 'icon_post_quote.gif', 'en', 20, 54, 1),(72, 'icon_user_online', 'icon_user_online.gif', 'en', 58, 58, 1),(73, 'button_pm_forward', 'button_pm_forward.gif', 'en', 25, 96, 1),(74, 'button_pm_new', 'button_pm_new.gif', 'en', 25, 84, 1),(75, 'button_pm_reply', 'button_pm_reply.gif', 'en', 25, 96, 1),(76, 'button_topic_locked', 'button_topic_locked.gif', 'en', 25, 88, 1),(77, 'button_topic_new', 'button_topic_new.gif', 'en', 25, 96, 1),(78, 'button_topic_reply', 'button_topic_reply.gif', 'en', 25, 96, 1),(79, 'site_logo', 'site_logo.gif', '', 89, 310, 2),(80, 'forum_link', 'forum_link.gif', '', 28, 28, 2),(81, 'forum_read', 'forum_read.png', '', 28, 28, 2),(82, 'forum_read_locked', 'forum_read_locked.gif', '', 28, 28, 2),(83, 'forum_read_subforum', 'forum_read_subforum.gif', '', 28, 28, 2),(84, 'forum_unread', 'forum_unread.png', '', 28, 28, 2),(85, 'forum_unread_locked', 'forum_unread_locked.gif', '', 28, 28, 2),(86, 'forum_unread_subforum', 'forum_unread_subforum.gif', '', 28, 28, 2),(87, 'topic_moved', 'topic_moved.gif', '', 28, 28, 2),(88, 'topic_read', 'topic_read.gif', '', 28, 28, 2),(89, 'topic_read_mine', 'topic_read_mine.gif', '', 28, 28, 2),(90, 'topic_read_hot', 'topic_read_hot.gif', '', 28, 28, 2),(91, 'topic_read_hot_mine', 'topic_read_hot_mine.gif', '', 28, 28, 2),(92, 'topic_read_locked', 'topic_read_locked.gif', '', 28, 28, 2),(93, 'topic_read_locked_mine', 'topic_read_locked_mine.gif', '', 28, 28, 2),(94, 'topic_unread', 'topic_unread.gif', '', 28, 28, 2),(95, 'topic_unread_mine', 'topic_unread_mine.gif', '', 28, 28, 2),(96, 'topic_unread_hot', 'topic_unread_hot.gif', '', 28, 28, 2),(97, 'topic_unread_hot_mine', 'topic_unread_hot_mine.gif', '', 28, 28, 2),(98, 'topic_unread_locked', 'topic_unread_locked.gif', '', 28, 28, 2),(99, 'topic_unread_locked_mine', 'topic_unread_locked_mine.gif', '', 28, 28, 2),(100, 'sticky_read', 'sticky_read.gif', '', 28, 28, 2),(101, 'sticky_read_mine', 'sticky_read_mine.gif', '', 28, 28, 2),(102, 'sticky_read_locked', 'sticky_read_locked.gif', '', 28, 28, 2),(103, 'sticky_read_locked_mine', 'sticky_read_locked_mine.gif', '', 28, 28, 2),(104, 'sticky_unread', 'sticky_unread.gif', '', 28, 28, 2),(105, 'sticky_unread_mine', 'sticky_unread_mine.gif', '', 28, 28, 2),(106, 'sticky_unread_locked', 'sticky_unread_locked.gif', '', 28, 28, 2),(107, 'sticky_unread_locked_mine', 'sticky_unread_locked_mine.gif', '', 28, 28, 2),(108, 'announce_read', 'topic_read.gif', '', 28, 28, 2),(109, 'announce_read_mine', 'topic_read_mine.gif', '', 28, 28, 2),(110, 'announce_read_locked', 'topic_read_locked.gif', '', 28, 28, 2),(111, 'announce_read_locked_mine', 'topic_read_locked_mine.gif', '', 28, 28, 2),(112, 'announce_unread', 'topic_unread.gif', '', 28, 28, 2),(113, 'announce_unread_mine', 'topic_unread_mine.gif', '', 28, 28, 2),(114, 'announce_unread_locked', 'topic_unread_locked.gif', '', 28, 28, 2),(115, 'announce_unread_locked_mine', 'topic_unread_locked_mine.gif', '', 28, 28, 2),(116, 'global_read', 'topic_read.gif', '', 28, 28, 2),(117, 'global_read_mine', 'topic_read_mine.gif', '', 28, 28, 2),(118, 'global_read_locked', 'topic_read_locked.gif', '', 28, 28, 2),(119, 'global_read_locked_mine', 'topic_read_locked_mine.gif', '', 28, 28, 2),(120, 'global_unread', 'topic_unread.gif', '', 28, 28, 2),(121, 'global_unread_mine', 'topic_unread_mine.gif', '', 28, 28, 2),(122, 'global_unread_locked', 'topic_unread_locked.gif', '', 28, 28, 2),(123, 'global_unread_locked_mine', 'topic_unread_locked_mine.gif', '', 28, 28, 2),(124, 'subforum_read', 'subforum_read.gif', '', 13, 11, 2),(125, 'subforum_unread', 'subforum_unread.gif', '', 13, 11, 2),(126, 'pm_read', 'topic_read.gif', '', 28, 28, 2),(127, 'pm_unread', 'topic_unread.gif', '', 28, 28, 2),(128, 'icon_back_top', 'icon_back_top.gif', '', 17, 17, 2),(129, 'icon_contact_aim', 'icon_contact_aim.gif', '', 17, 28, 2),(130, 'icon_contact_email', 'icon_contact_email.gif', '', 17, 36, 2),(131, 'icon_contact_icq', 'icon_contact_icq.gif', '', 17, 26, 2),(132, 'icon_contact_jabber', 'icon_contact_jabber.gif', '', 17, 42, 2),(133, 'icon_contact_msnm', 'icon_contact_msnm.gif', '', 17, 29, 2),(134, 'icon_contact_www', 'icon_contact_www.gif', '', 17, 31, 2),(135, 'icon_contact_yahoo', 'icon_contact_yahoo.gif', '', 17, 28, 2),(136, 'icon_post_delete', 'icon_post_delete.gif', '', 17, 18, 2),(137, 'icon_post_info', 'icon_post_info.gif', '', 17, 18, 2),(138, 'icon_post_report', 'icon_post_report.gif', '', 17, 18, 2),(139, 'icon_post_target', 'icon_post_target.gif', '', 9, 11, 2),(140, 'icon_post_target_unread', 'icon_post_target_unread.gif', '', 9, 11, 2),(141, 'icon_topic_attach', 'icon_topic_attach.gif', '', 12, 6, 2),(142, 'icon_topic_latest', 'icon_post_target.gif', '', 9, 11, 2),(143, 'icon_topic_newest', 'icon_post_target_unread.gif', '', 9, 11, 2),(144, 'icon_topic_reported', 'icon_topic_reported.gif', '', 15, 16, 2),(145, 'icon_topic_unapproved', 'icon_topic_unapproved.gif', '', 15, 16, 2),(146, 'icon_user_warn', 'icon_user_warn.gif', '', 17, 18, 2),(147, 'icon_contact_pm', 'icon_contact_pm.gif', 'en', 17, 24, 2),(148, 'icon_post_edit', 'icon_post_edit.gif', 'en', 17, 30, 2),(149, 'icon_post_quote', 'icon_post_quote.gif', 'en', 17, 36, 2),(150, 'icon_user_online', 'icon_user_online.gif', 'en', 9, 32, 2),(151, 'icon_user_offline', 'spacer.gif', 'en', 0, 0, 2),(152, 'icon_user_search', 'spacer.gif', 'en', 0, 0, 2),(153, 'button_pm_forward', 'button_pm_forward.gif', 'en', 26, 75, 2),(154, 'button_pm_new', 'button_pm_new.gif', 'en', 26, 76, 2),(155, 'button_pm_reply', 'button_pm_reply.gif', 'en', 26, 93, 2),(156, 'button_topic_locked', 'button_topic_locked.gif', 'en', 26, 67, 2),(157, 'button_topic_new', 'button_topic_new.gif', 'en', 26, 87, 2),(158, 'button_topic_reply', 'button_topic_reply.gif', 'en', 26, 88, 2);

# Table: phpbb_styles_template
DROP TABLE IF EXISTS phpbb_styles_template;
CREATE TABLE `phpbb_styles_template` (
  `template_id` mediumint(8) unsigned NOT NULL AUTO_INCREMENT,
  `template_name` varchar(255) COLLATE utf8_bin NOT NULL DEFAULT '',
  `template_copyright` varchar(255) COLLATE utf8_bin NOT NULL DEFAULT '',
  `template_path` varchar(100) COLLATE utf8_bin NOT NULL DEFAULT '',
  `bbcode_bitfield` varchar(255) COLLATE utf8_bin NOT NULL DEFAULT 'kNg=',
  `template_storedb` tinyint(1) unsigned NOT NULL DEFAULT '0',
  `template_inherits_id` int(4) unsigned NOT NULL DEFAULT '0',
  `template_inherit_path` varchar(255) COLLATE utf8_bin NOT NULL DEFAULT '',
  PRIMARY KEY (`template_id`),
  UNIQUE KEY `tmplte_nm` (`template_name`)
) ENGINE=MyISAM AUTO_INCREMENT=3 DEFAULT CHARSET=utf8 COLLATE=utf8_bin;

INSERT INTO phpbb_styles_template (template_id, template_name, template_copyright, template_path, bbcode_bitfield, template_storedb, template_inherits_id, template_inherit_path) VALUES (1, 'prosilver', '&copy; phpBB Group', 'prosilver', 'lNg=', 0, 0, ''),(2, 'CA Black', '&copy; 2007-2011 ST Software', 'ca_black', 'lNg=', 0, 0, '');

# Table: phpbb_styles_template_data
DROP TABLE IF EXISTS phpbb_styles_template_data;
CREATE TABLE `phpbb_styles_template_data` (
  `template_id` mediumint(8) unsigned NOT NULL DEFAULT '0',
  `template_filename` varchar(100) COLLATE utf8_bin NOT NULL DEFAULT '',
  `template_included` text COLLATE utf8_bin NOT NULL,
  `template_mtime` int(11) unsigned NOT NULL DEFAULT '0',
  `template_data` mediumtext COLLATE utf8_bin NOT NULL,
  KEY `tid` (`template_id`),
  KEY `tfn` (`template_filename`)
) ENGINE=MyISAM DEFAULT CHARSET=utf8 COLLATE=utf8_bin;

# Table: phpbb_styles_theme
DROP TABLE IF EXISTS phpbb_styles_theme;
CREATE TABLE `phpbb_styles_theme` (
  `theme_id` mediumint(8) unsigned NOT NULL AUTO_INCREMENT,
  `theme_name` varchar(255) COLLATE utf8_bin NOT NULL DEFAULT '',
  `theme_copyright` varchar(255) COLLATE utf8_bin NOT NULL DEFAULT '',
  `theme_path` varchar(100) COLLATE utf8_bin NOT NULL DEFAULT '',
  `theme_storedb` tinyint(1) unsigned NOT NULL DEFAULT '0',
  `theme_mtime` int(11) unsigned NOT NULL DEFAULT '0',
  `theme_data` mediumtext COLLATE utf8_bin NOT NULL,
  PRIMARY KEY (`theme_id`),
  UNIQUE KEY `theme_name` (`theme_name`)
) ENGINE=MyISAM AUTO_INCREMENT=3 DEFAULT CHARSET=utf8 COLLATE=utf8_bin;

INSERT INTO phpbb_styles_theme (theme_id, theme_name, theme_copyright, theme_path, theme_storedb, theme_mtime, theme_data) VALUES (1, 'prosilver', '&copy; phpBB Group', 'prosilver', 1, 0, ''),(2, 'CA Black', '&copy; 2007-2011 ST Software', 'ca_black', 1, 1395251620, '/*  phpBB 3.0 Style Sheet\n    --------------------------------------------------------------\n	phpBB style name: CA Black\n	Based on style:   prosilver (this is the default phpBB3 style)\n	Original author:  Tom Beddard ( http://www.subBlue.com/ )\n	Modified by:	  ST Software\n\n	NOTE: This page was generated by phpBB, the free open-source bulletin board package.\n	      The phpBB Group is not responsible for the content of this page and forum. For more information\n	      about phpBB please visit http://www.phpbb.com\n    --------------------------------------------------------------\n*/\n\n/* General Markup Styles\n---------------------------------------- */\n\n* {\n	/* Reset browsers default margin, padding and font sizes */\n	margin: 0;\n	padding: 0;\n}\n\nhtml {\n	font-size: 100%;\n	/* Always show a scrollbar for short pages - stops the jump when the scrollbar appears. non-IE browsers */\n	height: 100%;\n	background-position: top left;\n}\n\nbody {\n	/* Text-Sizing with ems: http://www.clagnut.com/blog/348/ */\n	font-family: Verdana, Helvetica, Arial, sans-serif;\n	/*font-size: 62.5%;			 This sets the default font size to be equivalent to 10px */\n	font-size: 10px;\n	margin: 0;\n	padding: 0;\n	background-position: top left;\n}\n\nh1 {\n	/* Forum name */\n	font-family: \"Trebuchet MS\", Arial, Helvetica, sans-serif;\n	margin-right: 200px;\n	color: #000;\n	margin-top: 15px;\n	font-weight: bold;\n	font-size: 2em;\n}\n\nh2 {\n	/* Forum header titles */\n	font-family: \"Trebuchet MS\", Arial, Helvetica, sans-serif;\n	font-weight: normal;\n	color: #3f3f3f;\n	font-size: 2em;\n	margin: 0.8em 0 0.2em 0;\n}\n\nh2.solo {\n	margin-bottom: 1em;\n}\n\nh3 {\n	/* Sub-headers (also used as post headers, but defined later) */\n	font-family: Arial, Helvetica, sans-serif;\n	font-weight: bold;\n	text-transform: uppercase;\n	margin-bottom: 3px;\n	padding-bottom: 2px;\n	font-size: 1.05em;\n	color: #989898;\n	margin-top: 20px;\n	background-position: bottom left;\n	background-repeat: repeat-x;\n}\n\nh4 {\n	/* Forum and topic list titles */\n	font-family: \"Trebuchet MS\", Verdana, Helvetica, Arial, Sans-serif;\n	font-size: 1.3em;\n}\n\np {\n	line-height: 1.3em;\n	font-size: 1.1em;\n	margin-bottom: 1.5em;\n}\n\nimg {\n	border-width: 0;\n}\n\nhr {\n	border: 0 none #FFFFFF;\n	border-top: 1px solid #CCCCCC;\n	height: 1px;\n	margin: 5px 0;\n	display: block;\n	clear: both;\n}\n\nhr.dashed {\n	border-top: 1px dashed #CCCCCC;\n	margin: 10px 0;\n}\n\nhr.divider {\n	display: none;\n}\n\np.right {\n	text-align: right;\n}\n\n/* Header/footer */\n#header-wrapper {\n    background-position: top left;\n    background-repeat: repeat-x;\n    padding: 8px 10px 0;\n}\n#header {\n    background-position: top left;\n    background-repeat: repeat-x;\n}\n#header-left {\n    background-position: top left;\n    background-repeat: no-repeat;\n}\n#header-right {\n    background-position: top right;\n    background-repeat: no-repeat;\n    padding: 0 15px;\n}\n#header, #header-left, #header-right {\n    min-height: 85px;\n}\n#logolink span { display: none; }\n\n.header-clear, #footer-clear { clear: both; }\n\n#content-wrapper { \n    background-position: top left;\n    background-repeat: repeat-x;\n    padding: 0 10px;\n    margin: 0;\n}\n#content {\n    padding: 0;\n    margin: 0;\n}\n\n.topnav {\n    margin: 0;\n    padding: 0;\n    background-position: top left;\n    background-repeat: repeat-x;\n    text-align: center;\n    padding-top: 2px;\n    height: 18px;\n    border: solid 1px #000;\n    border-width: 0 1px;\n}\n\n#footer, #footer span {\n    display: block;\n    height: 9px;\n}\n#footer span {\n    background-position: top left;\n    background-repeat: no-repeat;\n    padding-left: 9px;\n}\n#footer span span {\n    background-position: top right;\n    background-repeat: no-repeat;\n    padding-left: 0;\n    padding-right: 9px;\n}\n#footer span span span {\n    background-position: top left;\n    background-repeat: repeat-x;\n    padding: 0;\n}\n\n#copyrights {\n	text-align: center;\n	padding: 5px;\n	font-size: 10px;\n	line-height: 1.4em;\n}\n#copyrights a, #copyrights a:visited {\n	text-decoration: none;\n}\n#copyrights a:hover, #copyrights a:active {\n	text-decoration: underline;\n}\n#copyrights #affiliates a {\n	text-decoration: underline;\n}\n\n#simple-wrap {\n	padding: 6px 10px;\n}\n\n#page-body {\n	padding: 5px 10px;\n	clear: both;\n    border: solid 1px #000;\n    border-width: 0 1px;\n}\n\n#page-footer {\n	clear: both;\n}\n\n#page-footer h3 {\n	margin-top: 20px;\n}\n\n/* Search box\n--------------------------------------------- */\n#search-box {\n	color: #FFFFFF;\n	position: relative;\n	margin-top: 5px;\n	margin-right: 5px;\n	display: block;\n	float: right;\n	text-align: right;\n	white-space: nowrap; /* For Opera */\n}\n\n#search-box #keywords {\n	width: 95px;\n}\n\n/* .button1 style defined later, just a few tweaks for the search button version */\n#search-box input.button1 {\n	padding: 1px 5px;\n}\n\n#search-box li {\n	text-align: right;\n	margin-top: 4px;\n}\n\n#search-box img {\n	vertical-align: middle;\n	margin-right: 3px;\n}\n\n/* Site description and logo */\n#site-description {\n	float: left;\n	width: 70%;\n}\n\n#site-description h1 {\n	margin-right: 0;\n}\n\n/* Horizontal lists\n----------------------------------------*/\nul.linklist {\n	display: block;\n	margin: 0;\n}\n\nul.linklist li {\n	display: block;\n	list-style-type: none;\n	float: left;\n	width: auto;\n	margin-right: 5px;\n	font-size: 1.1em;\n	line-height: 2.2em;\n}\n\nul.linklist li.rightside, p.rightside {\n	float: right;\n	margin-right: 0;\n	margin-left: 5px;\n	text-align: right;\n}\n\nul.navlinks {\n	font-weight: bold;\n}\n\nul.navlinks li.rightside, ul.navlinks li.leftside {\n    font-size: 1em;\n    font-weight: normal;\n    padding-top: 1px;\n    margin-left: 0;\n    margin-right: 0;\n}\n\nul.leftside {\n	float: left;\n	margin-left: 0;\n	margin-right: 5px;\n	text-align: left;\n}\n\nul.rightside {\n	float: right;\n	margin-left: 5px;\n	margin-right: -5px;\n	text-align: right;\n}\n\nli.row {\n    background-position: top left;\n    background-repeat: repeat-x;\n}\n\n\n/* Table styles\n----------------------------------------*/\ntable.table1 {\n	/* See tweaks.css */\n}\n\n#ucp-main table.table1 {\n	padding: 2px;\n}\n\ntable.table1 thead th {\n	font-weight: normal;\n	text-transform: uppercase;\n	color: #FFFFFF;\n	line-height: 1.3em;\n	font-size: 1em;\n	padding: 2px 3px;\n	border-left: 1px solid #fff;\n	border-right: 1px solid #fff;\n}\n\ntable.table1 thead th span {\n	padding-left: 7px;\n}\n\ntable.table1 tbody tr {\n	border: 1px solid #cfcfcf;\n}\n\ntable.table1 td {\n	color: #6a6a6a;\n	font-size: 1.1em;\n}\n\ntable.table1 tbody td {\n	padding: 5px;\n	border: 1px solid #FAFAFA;\n}\n\ntable.table1 tbody th {\n	padding: 5px;\n	border-left: 1px solid #fff;\n	border-bottom: 1px solid #000000;\n	text-align: left;\n	color: #333333;\n	background-color: #FFFFFF;\n}\n\n/* Specific column styles */\ntable.table1 .name		{ text-align: left; }\ntable.table1 .posts		{ text-align: center !important; width: 7%; }\ntable.table1 .joined	{ text-align: left; width: 15%; }\ntable.table1 .active	{ text-align: left; width: 15%; }\ntable.table1 .mark		{ text-align: center; width: 7%; }\ntable.table1 .info		{ text-align: left; width: 30%; }\ntable.table1 .info div	{ width: 100%; white-space: normal; overflow: hidden; }\ntable.table1 .autocol	{ line-height: 2em; white-space: nowrap; }\ntable.table1 thead .autocol { padding-left: 1em; }\n\ntable.table1 span.rank-img {\n	float: right;\n	width: auto;\n}\n\ntable.info td {\n	padding: 3px;\n}\n\ntable.info tbody th {\n	padding: 3px;\n	text-align: right;\n	vertical-align: top;\n	color: #000000;\n	font-weight: normal;\n}\n\n.forumbg table.table1 {\n	margin: 0 -2px -1px -1px;\n}\n\n/* Misc layout styles\n---------------------------------------- */\n/* column[1-2] styles are containers for two column layouts \n   Also see tweaks.css */\n.column1 {\n	float: left;\n	clear: left;\n	width: 49%;\n}\n\n.column2 {\n	float: right;\n	clear: right;\n	width: 49%;\n}\n\n/* General classes for placing floating blocks */\n.left-box {\n	float: left;\n	width: auto;\n	text-align: left;\n}\n\n.right-box {\n	float: right;\n	width: auto;\n	text-align: right;\n}\n\ndl.details {\n	/*font-family: \"Lucida Grande\", Verdana, Helvetica, Arial, sans-serif;*/\n	font-size: 1.1em;\n}\n\ndl.details dt {\n	float: left;\n	clear: left;\n	width: 30%;\n	text-align: right;\n	color: #000000;\n	display: block;\n}\ndl.details dd {\n	margin-left: 0;\n	padding-left: 5px;\n	margin-bottom: 5px;\n	color: #828282;\n	float: left;\n	width: 65%;\n}\n\n/* Pagination\n---------------------------------------- */\n.pagination {\n	height: 1%; /* IE tweak (holly hack) */\n	width: auto;\n	text-align: right;\n	margin-top: 5px;\n	float: right;\n}\n\n.pagination span.page-sep {\n	display: none;\n}\n\nli.pagination {\n	margin-top: 0;\n}\n\n.pagination strong, .pagination b {\n	font-weight: normal;\n}\n\n.pagination span strong {\n	padding: 0 2px;\n	margin: 0 2px;\n	font-weight: normal;\n	color: #FFFFFF;\n	background-color: #bfbfbf;\n	border: 1px solid #bfbfbf;\n	font-size: 0.9em;\n}\n\n.pagination span a, .pagination span a:link, .pagination span a:visited, .pagination span a:active {\n	font-weight: normal;\n	text-decoration: none;\n	color: #747474;\n	margin: 0 2px;\n	padding: 0 2px;\n	background-color: #eeeeee;\n	border: 1px solid #bababa;\n	font-size: 0.9em;\n	line-height: 1.5em;\n}\n\n.pagination span a:hover {\n	border-color: #d2d2d2;\n	background-color: #d2d2d2;\n	color: #FFF;\n	text-decoration: none;\n}\n\n.pagination img {\n	vertical-align: middle;\n}\n\n/* Pagination in viewforum for multipage topics */\n.row .pagination {\n	display: block;\n	float: right;\n	width: auto;\n	margin-top: 0;\n	padding: 1px 0 1px 15px;\n	font-size: 0.9em;\n	background: none 0 50% no-repeat;\n}\n\n.row .pagination span a, li.pagination span a {\n	background-color: #FFFFFF;\n}\n\n.row .pagination span a:hover, li.pagination span a:hover {\n	background-color: #d2d2d2;\n}\n\n/* Miscellaneous styles\n---------------------------------------- */\n#forum-permissions {\n	float: right;\n	width: auto;\n	padding-left: 5px;\n	margin-left: 5px;\n	margin-top: 10px;\n	text-align: right;\n}\n\n.copyright {\n	padding: 5px;\n	text-align: center;\n	color: #555555;\n}\n\n.small {\n	font-size: 0.9em !important;\n}\n\n.titlespace {\n	margin-bottom: 15px;\n}\n\n.headerspace {\n	margin-top: 20px;\n}\n\n.error {\n	color: #bcbcbc;\n	font-weight: bold;\n	font-size: 1em;\n}\n\n.reported {\n	background-color: #f7f7f7;\n}\n\nli.reported:hover {\n	background-color: #ececec;\n}\n\ndiv.rules {\n	background-color: #ececec;\n	color: #bcbcbc;\n	margin: 10px 0;\n	font-size: 1.1em;\n}\n\ndiv.rules ul, div.rules ol {\n	margin-left: 20px;\n}\n\np.rules {\n	background-color: #ececec;\n	background-image: none;\n	padding: 5px;\n}\n\np.rules img {\n	vertical-align: middle;\n	padding-top: 5px;\n}\n\np.rules a {\n	vertical-align: middle;\n	clear: both;\n}\n\n#top {\n	position: absolute;\n	top: -20px;\n}\n\n.clear {\n	display: block;\n	clear: both;\n	font-size: 1px;\n	line-height: 1px;\n	background: transparent;\n}\n/* Link Styles\n---------------------------------------- */\n    \n/* Links adjustment to correctly display an order of rtl/ltr mixed content */\na {\n	direction: ltr;\n	unicode-bidi: embed;\n}\n\na:link	{ color: #898989; text-decoration: none; }\na:visited	{ color: #898989; text-decoration: none; }\na:hover	{ color: #d3d3d3; text-decoration: underline; }\na:active	{ color: #d2d2d2; text-decoration: none; }\n\n/* Coloured usernames */\n.username-coloured {\n	font-weight: bold;\n	display: inline !important;\n	padding: 0 !important;\n}\n\n/* Links on gradient backgrounds */\n#search-box a:link, .navbg a:link, .forumbg .header a:link, .forabg .header a:link, th a:link {\n	color: #FFFFFF;\n	text-decoration: none;\n}\n\n#search-box a:visited, .navbg a:visited, .forumbg .header a:visited, .forabg .header a:visited, th a:visited {\n	color: #FFFFFF;\n	text-decoration: none;\n}\n\n#search-box a:hover, .navbg a:hover, .forumbg .header a:hover, .forabg .header a:hover, th a:hover {\n	color: #ffffff;\n	text-decoration: underline;\n}\n\n#search-box a:active, .navbg a:active, .forumbg .header a:active, .forabg .header a:active, th a:active {\n	color: #ffffff;\n	text-decoration: none;\n}\n\n/* Links for forum/topic lists */\na.forumtitle {\n	font-family: \"Trebuchet MS\", Helvetica, Arial, Sans-serif;\n	font-size: 1.2em;\n	font-weight: bold;\n	color: #898989;\n	text-decoration: none;\n}\n\n/* a.forumtitle:visited { color: #898989; } */\n\na.forumtitle:hover {\n	color: #bcbcbc;\n	text-decoration: underline;\n}\n\na.forumtitle:active {\n	color: #898989;\n}\n\na.topictitle {\n	font-family: \"Trebuchet MS\", Helvetica, Arial, Sans-serif;\n	font-size: 1.2em;\n	font-weight: bold;\n	color: #898989;\n	text-decoration: none;\n}\n\n/* a.topictitle:visited { color: #d2d2d2; } */\n\na.topictitle:hover {\n	color: #bcbcbc;\n	text-decoration: underline;\n}\n\na.topictitle:active {\n	color: #898989;\n}\n\n/* Post body links */\n.postlink {\n	text-decoration: none;\n	color: #d2d2d2;\n}\n\n/* .postlink:visited { color: #bdbdbd; } */\n\n.postlink:hover {\n	text-decoration: underline;\n	color: #404040;\n}\n\n.postlink:active {\n	color: #d2d2d2;\n}\n\n.signature a, .signature a:visited, .signature a:hover, .signature a:active {\n	border: none;\n	text-decoration: underline;\n	background-color: transparent;\n}\n\n/* Profile links */\n.postprofile a:link, .postprofile a:visited, .postprofile dt.author a {\n	font-weight: bold;\n	color: #898989;\n	text-decoration: none;\n}\n\n.postprofile a:hover, .postprofile dt.author a:hover {\n	text-decoration: underline;\n	color: #d3d3d3;\n}\n\n/* CSS spec requires a:link, a:visited, a:hover and a:active rules to be specified in this order. */\n/* See http://www.phpbb.com/bugs/phpbb3/59685 */\n.postprofile a:active {\n	font-weight: bold;\n	color: #898989;\n	text-decoration: none;\n}\n/* Back to top of page */\n.back2top {\n	clear: both;\n	height: 11px;\n	text-align: right;\n}\n\na.top {\n	background: none no-repeat top left;\n	text-decoration: none;\n	width: {IMG_ICON_BACK_TOP_WIDTH}px;\n	height: {IMG_ICON_BACK_TOP_HEIGHT}px;\n	display: block;\n	float: right;\n	overflow: hidden;\n	letter-spacing: 1000px;\n	text-indent: 11px;\n}\n\na.top2 {\n	background: none no-repeat 0 0;\n	text-decoration: none;\n	padding-left: 20px;\n	height: {IMG_ICON_BACK_TOP_HEIGHT}px;\n	display: block;\n	float: left;\n	overflow: hidden;\n}\na.top:hover, a.top2:hover {\n    background-position: 0 -{IMG_ICON_BACK_TOP_HEIGHT}px;\n}\n\n/* Arrow links  */\na.up		{ background: none no-repeat left center; }\na.down		{ background: none no-repeat right center; }\na.left		{ background: none no-repeat 3px 60%; }\na.right		{ background: none no-repeat 95% 60%; }\n\na.up, a.up:link, a.up:active, a.up:visited {\n	padding-left: 10px;\n	text-decoration: none;\n	border-bottom-width: 0;\n}\n\na.up:hover {\n	background-position: left top;\n	background-color: transparent;\n}\n\na.down, a.down:link, a.down:active, a.down:visited {\n	padding-right: 10px;\n}\n\na.down:hover {\n	background-position: right bottom;\n	text-decoration: none;\n}\n\na.left, a.left:active, a.left:visited {\n	padding-left: 12px;\n}\n\na.left:hover {\n	color: #d2d2d2;\n	text-decoration: none;\n	background-position: 0 60%;\n}\n\na.right, a.right:active, a.right:visited {\n	padding-right: 12px;\n}\n\na.right:hover {\n	color: #d2d2d2;\n	text-decoration: none;\n	background-position: 100% 60%;\n}\n\n/* invisible skip link, used for accessibility  */\n.skiplink {\n	position: absolute;\n	left: -999px;\n	width: 990px;\n}\n\n/* Feed icon in forumlist_body.html */\na.feed-icon-forum {\n	float: right;\n	margin: 3px;\n}\n/* Content Styles\n---------------------------------------- */\n\nul.topiclist {\n	display: block;\n	list-style-type: none;\n	margin: 0;\n}\n\nul.forums {\n	background: #f9f9f9 none repeat-x 0 0;\n}\n\nul.topiclist li {\n	display: block;\n	list-style-type: none;\n	color: #777777;\n	margin: 0;\n}\n\nul.topiclist dl {\n	position: relative;\n}\n\nul.topiclist li.row dl {\n	padding: 2px 0;\n}\n\nul.topiclist dt {\n	display: block;\n	float: left;\n	width: 50%;\n	font-size: 1.1em;\n	padding-left: 5px;\n	padding-right: 5px;\n}\n\nul.topiclist dd {\n	display: block;\n	float: left;\n	border-left: 1px solid #FFFFFF;\n	padding: 4px 0;\n}\n\nul.topiclist dfn {\n	/* Labels for post/view counts */\n	position: absolute;\n	left: -999px;\n	width: 990px;\n}\n\nul.topiclist li.row dt a.subforum {\n	background-image: none;\n	background-position: 0 50%;\n	background-repeat: no-repeat;\n	position: relative;\n	white-space: nowrap;\n	padding: 0 0 0 12px;\n}\n\n.forum-image {\n	float: left;\n	padding-top: 5px;\n	margin-right: 5px;\n}\ndiv.forum-image-div {\n    float: left;\n}\n\nli.row {\n	border-top: 1px solid #FFFFFF;\n	border-bottom: 1px solid #8f8f8f;\n}\n\nli.row strong {\n	font-weight: normal;\n	color: #000000;\n}\n\nli.row:hover {\n	background-color: #f6f6f6;\n}\n\nli.row:hover dd {\n	border-left-color: #CCCCCC;\n}\n\nli.header, th {\n    background-position: top left;\n    background-repeat: repeat-x;\n}\n\nli.header dt, li.header dd {\n	line-height: 1em;\n	border-left-width: 0;\n	margin: 4px 0 4px 0;\n	color: #FFFFFF;\n	padding: 0 2px;\n	padding-top: 2px;\n	font-size: 1em;\n	font-family: Arial, Helvetica, sans-serif;\n	text-transform: uppercase;\n}\n\nli.header dt {\n	font-weight: bold;\n}\n\nli.header dl.icon {\n	min-height: 0;\n}\n\nli.header dl.icon dt {\n	/* Tweak for headers alignment when folder icon used */\n	padding-left: 4px;\n	padding-right: 50px;\n}\n\n/* Forum list column styles */\ndl.icon {\n	min-height: 35px;\n	background-position: 10px 50%;		/* Position of folder icon */\n	background-repeat: no-repeat;\n}\n\ndl.icon dt {\n	padding-left: 45px;					/* Space for folder icon */\n	background-repeat: no-repeat;\n	background-position: 5px 95%;		/* Position of topic icon */\n}\n\ndd.posts, dd.topics, dd.views {\n	width: 8%;\n	text-align: center;\n	line-height: 2.2em;\n	font-size: 1.2em;\n}\n\n/* List in forum description */\ndl.icon dt ol,\ndl.icon dt ul {\n	list-style-position: inside;\n	margin-left: 1em;\n}\n\ndl.icon dt li {\n	display: list-item;\n	list-style-type: inherit;\n}\n\ndd.lastpost {\n	width: 25%;\n	font-size: 1.1em;\n}\n\ndd.redirect {\n	font-size: 1.1em;\n	line-height: 2.5em;\n}\n\ndd.moderation {\n	font-size: 1.1em;\n}\n\ndd.lastpost span, ul.topiclist dd.searchby span, ul.topiclist dd.info span, ul.topiclist dd.time span, dd.redirect span, dd.moderation span {\n	display: block;\n	padding-left: 5px;\n}\n\ndd.time {\n	width: auto;\n	line-height: 200%;\n	font-size: 1.1em;\n}\n\ndd.extra {\n	width: 12%;\n	line-height: 200%;\n	text-align: center;\n	font-size: 1.1em;\n}\n\ndd.mark {\n	float: right !important;\n	width: 9%;\n	text-align: center;\n	line-height: 200%;\n	font-size: 1.2em;\n}\n\ndd.info {\n	width: 30%;\n}\n\ndd.option {\n	width: 15%;\n	line-height: 200%;\n	text-align: center;\n	font-size: 1.1em;\n}\n\ndd.searchby {\n	width: 47%;\n	font-size: 1.1em;\n	line-height: 1em;\n}\n\nul.topiclist dd.searchextra {\n	margin-left: 5px;\n	padding: 0.2em 0;\n	font-size: 1.1em;\n	color: #333333;\n	border-left: none;\n	clear: both;\n	width: 98%;\n	overflow: hidden;\n}\n\n/* Container for post/reply buttons and pagination */\n.topic-actions {\n	margin-bottom: 3px;\n	font-size: 1.1em;\n	height: 28px;\n	min-height: 28px;\n}\ndiv[class].topic-actions {\n	height: auto;\n}\n\n/* Topic review panel\n----------------------------------------*/\n#review {\n	margin-top: 2em;\n}\n\n#topicreview {\n	padding-right: 5px;\n	overflow: auto;\n	height: 300px;\n}\n\n#topicreview .postbody {\n	width: auto;\n	float: none;\n	margin: 0;\n	height: auto;\n}\n\n#topicreview .post {\n	height: auto;\n}\n\n#topicreview h2 {\n	border-bottom-width: 0;\n}\n\n.post-ignore .postbody {\n	display: none;\n}\n\n/* MCP Post details\n----------------------------------------*/\n#post_details {\n	/* This will only work in IE7+, plus the others */\n	overflow: auto;\n	max-height: 300px;\n}\n\n#expand {\n	clear: both;\n}\n\n/* Content container styles\n----------------------------------------*/\n.content {\n	min-height: 3em;\n	overflow: hidden;\n	line-height: 1.4em;\n	font-family: \"Lucida Grande\", \"Trebuchet MS\", Verdana, Helvetica, Arial, sans-serif;\n	font-size: 1em;\n	color: #333333;\n}\n\n.content h2, .panel h2 {\n	font-weight: normal;\n	color: #989898;\n	border-bottom: 1px solid #CCCCCC;\n	font-size: 1.6em;\n	margin-top: 0.5em;\n	margin-bottom: 0.5em;\n	padding-bottom: 0.5em;\n}\n.block-content h2 {\n    margin-top: 0;\n}\n\n.panel h3 {\n	margin: 0.5em 0;\n}\n\n.panel p {\n	font-size: 1.2em;\n	margin-bottom: 1em;\n	line-height: 1.4em;\n}\n#message p, #confirm p {\n    text-align: center;\n}\n\n.content p {\n	font-family: \"Lucida Grande\", \"Trebuchet MS\", Verdana, Helvetica, Arial, sans-serif;\n	font-size: 1.2em;\n	margin-bottom: 1em;\n	line-height: 1.4em;\n}\n\ndl.faq {\n	font-family: \"Lucida Grande\", Verdana, Helvetica, Arial, sans-serif;\n	font-size: 1.1em;\n	margin-top: 1em;\n	margin-bottom: 2em;\n	line-height: 1.4em;\n}\n\ndl.faq dt {\n	font-weight: bold;\n	color: #333333;\n}\n\n.content dl.faq {\n	font-size: 1.2em;\n	margin-bottom: 0.5em;\n}\n\n.content li {\n	list-style-type: inherit;\n}\n\n.content ul, .content ol {\n	margin-bottom: 1em;\n	margin-left: 3em;\n}\n\n.posthilit {\n	padding: 0 2px 1px 2px;\n}\n\n.announce, .unreadpost {\n	/* Highlight the announcements & unread posts box */\n	border-left-color: #BCBCBC;\n	border-right-color: #BCBCBC;\n}\n\n/* Post noticies */\n.notice {\n	font-family: \"Lucida Grande\", Verdana, Helvetica, Arial, sans-serif;\n	width: auto;\n	margin-top: 1.5em;\n	padding-top: 0.2em;\n	font-size: 1em;\n	border-top: 1px dashed #CCCCCC;\n	clear: left;\n	line-height: 130%;\n}\n\n/* Jump to post link for now */\nul.searchresults {\n	list-style: none;\n	text-align: right;\n	clear: both;\n}\n\n/* Post poll styles\n----------------------------------------*/\nfieldset.polls {\n	font-family: \"Trebuchet MS\", Verdana, Helvetica, Arial, sans-serif;\n}\n\nfieldset.polls dl {\n	margin-top: 5px;\n	border-top: 1px solid #e2e2e2;\n	padding: 5px 0 0 0;\n	line-height: 120%;\n	color: #666666;\n}\n\nfieldset.polls dl.poll-first, fieldset.polls dl.poll-last {\n    border-top-width: 0;\n}\n\nfieldset.polls dl.voted {\n	font-weight: bold;\n	color: #000000;\n}\n\nfieldset.polls dt {\n	text-align: left;\n	float: left;\n	display: block;\n	width: 30%;\n	border-right: none;\n	padding: 0;\n	margin: 0;\n	font-size: 1.1em;\n}\n\nfieldset.polls dd {\n	float: left;\n	width: 10%;\n	border-left: none;\n	padding: 0 5px;\n	margin-left: 0;\n	font-size: 1.1em;\n}\n\nfieldset.polls dd.resultbar {\n	width: 50%;\n}\n\nfieldset.polls dd input {\n	margin: 2px 0;\n}\n\nfieldset.polls dd div {\n	text-align: right;\n	font-family: Arial, Helvetica, sans-serif;\n	color: #FFFFFF;\n	font-weight: bold;\n	padding: 0 3px;\n	overflow: visible;\n	min-width: 2%;\n}\n\n.pollbar, .pollbar1, .pollbar2, .pollbar3, .pollbar4, .pollbar5 {\n	background-color: #aaaaaa;\n	background-position: top left;\n	background-repeat: repeat-x;\n	border: 1px solid #747474;\n}\n\n/* pm list in compose message if mass pm is enabled */\ndl.pmlist dt {\n	width: 60% !important;\n}\n\ndl.pmlist dt textarea {\n	width: 95%;\n}\n\ndl.pmlist dd {\n	margin-left: 61% !important;\n	margin-bottom: 2px;\n}\n\n/* Forum expand link */\n.forum-expand {\n    float: right;\n    display: block;\n    margin-top: 4px;\n    margin-right: 5px;\n    text-decoration: none;\n    background-position: 0 0;\n    position: absolute;\n    right: 0;\n}\n.forum-expand:visited, .forum-expand:hover, .forum-expand:active { text-decoration: none; }\n/* Buttons */\n\n/* Rollover buttons\n   Based on: http://wellstyled.com/css-nopreload-rollovers.html\n----------------------------------------*/\n.buttons {\n	float: left;\n	width: auto;\n	height: auto;\n}\n\n/* Rollover state */\n.buttons div {\n	float: left;\n	margin: 0 5px 0 0;\n	background-position: 0 100%;\n}\n\n/* Rolloff state */\n.buttons div a {\n	display: block;\n	width: 100%;\n	height: 100%;\n	background-position: 0 0;\n	position: relative;\n	overflow: hidden;\n}\n\n/* Hide <a> text and hide off-state image when rolling over (prevents flicker in IE) */\n/*.buttons div span		{ display: none; }*/\n/*.buttons div a:hover	{ background-image: none; }*/\n.buttons div span			{ position: absolute; width: 100%; height: 100%; cursor: pointer;}\n.buttons div a:hover span	{ background-position: 0 100%; }\n\n/* Big button images */\n.reply-icon span	{ background: transparent none 0 0 no-repeat; }\n.post-icon span		{ background: transparent none 0 0 no-repeat; }\n.locked-icon span	{ background: transparent none 0 0 no-repeat; }\n.pmreply-icon span	{ background: none 0 0 no-repeat; }\n.newpm-icon span 	{ background: none 0 0 no-repeat; }\n.forwardpm-icon span 	{ background: none 0 0 no-repeat; }\n\n/* Set big button dimensions */\n.buttons div.reply-icon		{ width: {IMG_BUTTON_TOPIC_REPLY_WIDTH}px; height: {IMG_BUTTON_TOPIC_REPLY_HEIGHT}px; }\n.buttons div.post-icon		{ width: {IMG_BUTTON_TOPIC_NEW_WIDTH}px; height: {IMG_BUTTON_TOPIC_NEW_HEIGHT}px; }\n.buttons div.locked-icon	{ width: {IMG_BUTTON_TOPIC_LOCKED_WIDTH}px; height: {IMG_BUTTON_TOPIC_LOCKED_HEIGHT}px; }\n.buttons div.pmreply-icon	{ width: {IMG_BUTTON_PM_REPLY_WIDTH}px; height: {IMG_BUTTON_PM_REPLY_HEIGHT}px; }\n.buttons div.newpm-icon		{ width: {IMG_BUTTON_PM_NEW_WIDTH}px; height: {IMG_BUTTON_PM_NEW_HEIGHT}px; }\n.buttons div.forwardpm-icon	{ width: {IMG_BUTTON_PM_FORWARD_WIDTH}px; height: {IMG_BUTTON_PM_FORWARD_HEIGHT}px; }\n\n\n/* Home icon\n---------------------------------------- */\n.icon-home {\n	background-position: 0 50%;\n	background-repeat: no-repeat;\n	background-image: none;\n	padding: 1px 0 0 14px;\n}\n.navbar-top .icon-home {\n    padding-top: 0;\n}\n/* Control Panel Styles\n---------------------------------------- */\n\n\n/* Main CP box\n----------------------------------------*/\n#cp-menu {\n	float:left;\n	width: 19%;\n	margin-top: 1em;\n	margin-bottom: 5px;\n}\n\n#cp-main {\n	float: left;\n	width: 81%;\n}\n\n#cp-inner {\n    padding-left: 10px;\n}\n\n#cp-main .content {\n	padding: 0;\n}\n\n#cp-main .panel p {\n	font-size: 1.1em;\n}\n\n#cp-main .panel ol {\n	margin-left: 2em;\n	font-size: 1.1em;\n}\n\n#cp-main .panel li.row {\n	border-bottom: 1px solid #cbcbcb;\n	border-top: 1px solid #F9F9F9;\n}\n\nul.cplist {\n	margin-bottom: 5px;\n	border-top: 1px solid #cbcbcb;\n}\n\n#cp-main .panel li.header dd, #cp-main .panel li.header dt {\n	color: #000000;\n	margin-bottom: 2px;\n}\n\n#cp-main table.table1 {\n	margin-bottom: 1em;\n}\n\n#cp-main table.table1 thead th {\n	color: #333333;\n	font-weight: bold;\n	border-bottom: 1px solid #333333;\n	padding: 5px;\n}\n\n#cp-main table.table1 tbody th {\n	font-style: italic;\n	background-color: transparent !important;\n	border-bottom: none;\n}\n\n#cp-main .pagination {\n	float: right;\n	width: auto;\n	padding-top: 1px;\n}\n\n#cp-main .postbody p {\n	font-size: 1.1em;\n}\n\n#cp-main .pm-message {\n	border: 1px solid #e2e2e2;\n	margin: 10px 0;\n	background-color: #FFFFFF;\n	width: auto;\n	float: none;\n}\n\n.pm-message h2 {\n	padding-bottom: 5px;\n}\n\n#cp-main .postbody h3, #cp-main .box2 h3 {\n	margin-top: 0;\n}\n\n#cp-main .buttons {\n	margin-left: 0;\n}\n\n#cp-main ul.linklist {\n	margin: 0;\n}\n\n/* MCP Specific tweaks */\n.mcp-main .postbody {\n	width: 100%;\n}\n\n/* Left blocks */\n.cp-mini {\n	padding: 0;\n	margin: 10px 0;\n}\n#navigation {\n    padding: 0;\n}\n\n/* CP tabbed menu\n----------------------------------------*/\n#tabs, #minitabs {\n	line-height: normal;\n	margin: 20px 0 -4px 15px;\n	min-width: 570px;\n}\n\n#tabs ul, #minitabs ul {\n	margin:0;\n	padding: 0;\n	list-style: none;\n}\n\n#tabs li, #minitabs li {\n	display: inline;\n	margin: 0;\n	padding: 0;\n	font-size: 1em;\n	font-weight: bold;\n}\n\n#tabs a, #minitabs a {\n	float: left;\n	background: none no-repeat 0% -35px;\n	margin: 0 1px 0 0;\n	padding: 0 0 0 5px;\n	text-decoration: none;\n	position: relative;\n	cursor: pointer;\n}\n\n#tabs a span, #minitabs a span {\n	float: left;\n	display: block;\n	background: none no-repeat 100% -35px;\n	padding: 7px 10px 6px 5px;\n	color: #828282;\n	white-space: nowrap;\n}\n\n#tabs a:hover span, #minitabs a:hover span {\n	color: #bcbcbc;\n}\n\n#tabs .activetab a, #minitabs .activetab a {\n	background-position: 0 0;\n}\n\n#tabs .activetab a span, #minitabs .activetab a span {\n	background-position: 100% 0;\n	padding-bottom: 7px;\n	color: #333333;\n}\n\n#tabs a:hover, #minitabs a:hover {\n	background-position: 0 -70px;\n}\n\n#tabs a:hover span, #minitabs a:hover span {\n	background-position:100% -70px;\n}\n\n#tabs .activetab a:hover, #minitabs .activetab a:hover {\n	background-position: 0 0;\n}\n\n#tabs .activetab a:hover span, #minitabs .activetab a:hover span {\n	color: #000000;\n	background-position: 100% 0;\n}\n\n/* UCP navigation menu\n----------------------------------------*/\n/* Container for sub-navigation list */\n#navigation {\n	width: 100%;\n}\n\n#navigation ul {\n	list-style:none;\n}\n\n/* Default list state */\n#navigation li {\n	margin: 1px 0;\n	padding: 0;\n	font-weight: bold;\n	display: inline;\n}\n\n/* Link styles for the sub-section links */\n#navigation a {\n	display: block;\n	padding: 5px;\n	margin: 0;\n	text-decoration: none;\n	font-weight: bold;\n	color: #333;\n	border-top: solid 1px #ccc;\n	border-bottom: solid 1px #ccc;\n}\n#navigation a.first-row {\n    border-top-width: 0;\n}\n#navigation .active-subsection a, #navigation .inactive-subsection a {\n    background-position: 0 1px;\n    background-repeat: no-repeat;\n}\n#navigation .inactive-subsection a {\n    background-position: 0 -23px;\n}\n#navigation .inactive-subsection a:hover {\n    background-position: 0 -47px;\n}\n#navigation .active-subsection a:hover {\n    background-position: 0 -71px;\n}\n\n#navigation a:hover {\n	text-decoration: none;\n	background-color: #c6c6c6;\n	color: #bcbcbc;\n}\n\n#navigation .active-subsection a, #navigation .active-section a {\n	display: block;\n	color: #d3d3d3;\n}\n\n#navigation .active-subsection a:hover, #navigation .active-section a:hover {\n	color: #d3d3d3;\n}\n\n#navigation .active-subsection a, #navigation .inactive-subsection a {\n    padding-left: 11px;\n	font-weight: normal;\n}\n\n/* Preferences pane layout\n----------------------------------------*/\n#cp-main h2 {\n	border-bottom: none;\n	padding: 0;\n	margin-left: 10px;\n}\n\n/* Friends list */\ndl.mini {\n    margin: 0 2px;\n    padding: 3px 1px;\n}\n\ndl.mini dt {\n	font-weight: bold;\n	color: #676767;\n	padding-bottom: 4px;\n}\n\ndl.mini dd {\n	padding-top: 4px;\n}\n\n.friend-online {\n	font-weight: bold;\n}\n\n.friend-offline {\n	font-style: italic;\n}\n\n/* PM Styles\n----------------------------------------*/\n#pm-menu {\n	line-height: 2.5em;\n}\n\n/* PM Message history */\n.current {\n	color: #999999;\n}\n\n/* Defined rules list for PM options */\nol.def-rules {\n	padding-left: 0;\n}\n\nol.def-rules li {\n	line-height: 180%;\n	padding: 1px;\n}\n\n/* PM marking colours */\n.pmlist li.bg1 {\n	border: solid 3px transparent;\n	border-width: 0 3px;\n}\n\n.pmlist li.bg2 {\n	border: solid 3px transparent;\n	border-width: 0 3px;\n}\n\n.pmlist li.pm_message_reported_colour, .pm_message_reported_colour {\n	border-left-color: #bcbcbc;\n	border-right-color: #bcbcbc;\n}\n\n.pmlist li.pm_marked_colour, .pm_marked_colour {\n	border: solid 3px #ffffff;\n	border-width: 0 3px;\n}\n\n.pmlist li.pm_replied_colour, .pm_replied_colour {\n	padding: 0;\n	border: solid 3px #c2c2c2;\n	border-width: 0 3px;\n}\n\n.pmlist li.pm_friend_colour, .pm_friend_colour {\n	padding: 0;\n	border: solid 3px #bdbdbd;\n	border-width: 0 3px;\n}\n\n.pmlist li.pm_foe_colour, .pm_foe_colour {\n	padding: 0;\n	border: solid 3px #000000;\n	border-width: 0 3px;\n}\n\n.pm-legend {\n	border-left-width: 10px;\n	border-left-style: solid;\n	border-right-width: 0;\n	margin-bottom: 3px;\n	padding-left: 3px;\n}\n\n/* Avatar gallery */\n#gallery label {\n	position: relative;\n	float: left;\n	margin: 10px;\n	padding: 5px;\n	width: auto;\n	background: #FFFFFF;\n	border: 1px solid #CCC;\n	text-align: center;\n}\n\n#gallery label:hover {\n	background-color: #EEE;\n}\n/* Form Styles\n---------------------------------------- */\n\n/* General form styles\n----------------------------------------*/\nfieldset {\n	border-width: 0;\n	font-family: Verdana, Helvetica, Arial, sans-serif;\n	font-size: 1.1em;\n}\n\ninput {\n	font-weight: normal;\n	cursor: pointer;\n	vertical-align: middle;\n	padding: 0 3px;\n	font-size: 1em;\n	font-family: Verdana, Helvetica, Arial, sans-serif;\n}\n\nselect {\n	font-family: Verdana, Helvetica, Arial, sans-serif;\n	font-weight: normal;\n	cursor: pointer;\n	vertical-align: middle;\n	border: 1px solid #666666;\n	padding: 1px;\n	background-color: #FAFAFA;\n}\n\noption {\n	padding-right: 1em;\n}\n\noption.disabled-option {\n	color: graytext;\n}\n\ntextarea {\n	font-family: \"Lucida Grande\", Verdana, Helvetica, Arial, sans-serif;\n	padding: 2px;\n	font-size: 1em;\n	line-height: 1.4em;\n}\ntextarea, #ie8#fix {\n	width: 60%;\n}\n\nlabel {\n	cursor: default;\n	padding-right: 5px;\n	color: #676767;\n}\n\nlabel input {\n	vertical-align: middle;\n}\n\nlabel img {\n	vertical-align: middle;\n}\n\n/* Definition list layout for forms\n---------------------------------------- */\nfieldset dl {\n	padding: 4px 0;\n}\n\nfieldset dt {\n	float: left;	\n	width: 40%;\n	text-align: left;\n	display: block;\n}\n\nfieldset dd {\n	margin-left: 41%;\n	vertical-align: top;\n	margin-bottom: 3px;\n}\n\n/* Specific layout 1 */\nfieldset.fields1 dt {\n	width: 15em;\n	border-right-width: 0;\n}\n\nfieldset.fields1 dd {\n	margin-left: 15em;\n	border-left-width: 0;\n}\n\nfieldset.fields1 {\n	background-color: transparent;\n}\n\nfieldset.fields1 div {\n	margin-bottom: 3px;\n}\n\n/* Set it back to 0px for the reCaptcha divs: PHPBB3-9587 */\nfieldset.fields1 #recaptcha_widget_div div {\n	margin-bottom: 0;\n}\n\n/* Specific layout 2 */\nfieldset.fields2 dt {\n	width: 15em;\n	border-right-width: 0;\n}\n\nfieldset.fields2 dd {\n	margin-left: 16em;\n	border-left-width: 0;\n}\n\n/* Form elements */\ndt label {\n	font-weight: bold;\n	text-align: left;\n}\n\ndd label {\n	white-space: nowrap;\n	color: #333;\n}\n\ndd input, dd textarea {\n	margin-right: 3px;\n}\n\ndd select {\n	width: auto;\n}\n\ndd textarea, #ie8#fix {\n	width: 85%;\n}\n\n/* Hover effects */\nfieldset dl:hover dt label {\n	color: #000000;\n}\n\nfieldset.fields2 dl:hover dt label {\n	color: inherit;\n}\n\n#timezone {\n	width: 95%;\n}\n\n* html #timezone {\n	width: 50%;\n}\n\n/* Quick-login on index page */\nfieldset.quick-login {\n	margin-top: 5px;\n}\n\nfieldset.quick-login input {\n	width: auto;\n}\n\nfieldset.quick-login input.inputbox {\n	width: 15%;\n	vertical-align: middle;\n	margin-right: 5px;\n	background-color: #f3f3f3;\n}\n\nfieldset.quick-login label {\n	white-space: nowrap;\n	padding-right: 2px;\n}\n\n/* Display options on viewtopic/viewforum pages  */\nfieldset.display-options {\n	text-align: center;\n	margin: 3px 0 5px 0;\n}\n\nfieldset.display-options label {\n	white-space: nowrap;\n	padding-right: 2px;\n}\n\nfieldset.display-options a {\n	margin-top: 3px;\n}\n\n/* Display actions for ucp and mcp pages */\nfieldset.display-actions {\n	text-align: right;\n	line-height: 2em;\n	white-space: nowrap;\n	padding-right: 1em;\n}\n\nfieldset.display-actions label {\n	white-space: nowrap;\n	padding-right: 2px;\n}\n\nfieldset.sort-options {\n	line-height: 2em;\n}\n\n/* MCP forum selection*/\nfieldset.forum-selection {\n	margin: 5px 0 3px 0;\n	float: right;\n}\n\nfieldset.forum-selection2 {\n	margin: 13px 0 3px 0;\n	float: right;\n}\n\n/* Jumpbox */\nfieldset.jumpbox {\n	text-align: right;\n	margin-top: 15px;\n	height: 2.5em;\n}\n\nfieldset.quickmod {\n	width: 50%;\n	float: right;\n	text-align: right;\n	height: 2.5em;\n}\n\n/* Submit button fieldset */\nfieldset.submit-buttons {\n	text-align: center;\n	vertical-align: middle;\n	margin: 5px 0;\n}\n\nfieldset.submit-buttons input {\n	vertical-align: middle;\n	padding-top: 3px;\n	padding-bottom: 3px;\n}\n\n/* Posting page styles\n----------------------------------------*/\n\n/* Buttons used in the editor */\n#format-buttons {\n	margin: 15px 0 2px 0;\n}\n\n#format-buttons input, #format-buttons select {\n	vertical-align: middle;\n}\n\n/* Main message box */\n#message-box {\n	width: 80%;\n}\n\n#message-box textarea {\n	font-family: \"Trebuchet MS\", Verdana, Helvetica, Arial, sans-serif;\n	font-size: 1.2em;\n	color: #333333;\n}\n#message-box textarea, #ie8#fix {\n	width: 450px;\n	height: 270px;\n	min-width: 100%;\n	max-width: 100%;\n}\n\n/* Emoticons panel */\n#smiley-box {\n	width: 18%;\n	float: right;\n}\n\n#smiley-box img {\n	margin: 3px;\n}\n\n/* Input field styles\n---------------------------------------- */\n.inputbox {\n	background-color: #FFFFFF;\n	border: 1px solid #c0c0c0;\n	color: #333333;\n	padding: 2px;\n	cursor: text;\n}\n\n.inputbox:hover {\n	border: 1px solid #eaeaea;\n}\n\n.inputbox:focus {\n	border: 1px solid #eaeaea;\n	color: #4b4b4b;\n}\n\ninput.inputbox	{ width: 85%; }\ninput.medium	{ width: 50%; }\ninput.narrow	{ width: 25%; }\ninput.tiny		{ width: 125px; }\n\ntextarea.inputbox, #ie8#fix {\n	width: 85%;\n}\n\n.autowidth {\n	width: auto !important;\n}\n\n/* Form button styles\n---------------------------------------- */\ninput.button1, input.button2 {\n	font-size: 1em;\n}\n\na.button1, input.button1, input.button3, a.button2, input.button2 {\n	width: auto !important;\n	padding-top: 1px;\n	padding-bottom: 1px;\n	font-family: \"Lucida Grande\", Verdana, Helvetica, Arial, sans-serif;\n	color: #000;\n	background: #FAFAFA none repeat-x top left;\n}\n\na.button1, input.button1 {\n	font-weight: bold;\n	border: 1px solid #666666;\n}\n\ninput.button3 {\n	padding: 0;\n	margin: 0;\n	line-height: 5px;\n	height: 12px;\n	background-image: none;\n	font-variant: small-caps;\n}\n\n/* Alternative button */\na.button2, input.button2, input.button3 {\n	border: 1px solid #666666;\n}\n\n/* <a> button in the style of the form buttons */\na.button1, a.button1:link, a.button1:visited, a.button1:active, a.button2, a.button2:link, a.button2:visited, a.button2:active {\n	text-decoration: none;\n	color: #000000;\n	padding: 2px 8px;\n	line-height: 250%;\n	vertical-align: text-bottom;\n	background-position: 0 1px;\n}\n\n/* Hover states */\na.button1:hover, input.button1:hover, a.button2:hover, input.button2:hover, input.button3:hover {\n	border: 1px solid #BCBCBC;\n	background-position: 0 100%;\n	color: #BCBCBC;\n}\n\ninput.disabled {\n	font-weight: normal;\n	color: #666666;\n}\n\n/* Topic and forum Search */\n.search-box {\n	margin-top: 3px;\n	margin-left: 5px;\n	float: left;\n}\n\n.search-box input {\n}\n\ninput.search {\n	background-image: none;\n	background-repeat: no-repeat;\n	background-position: left 1px;\n	padding-left: 17px;\n}\n#search-box .button2 {\n    padding-top: 2px;\n}\n\n.full { width: 95%; }\n.medium { width: 50%;}\n.narrow { width: 25%;}\n.tiny { width: 10%;}\n/* Post layout, bbcode */\n\n/* Layout */\n.post .block-content {\n    background-repeat: repeat-x;\n    background-position: top left;\n}\n\n/* Poster profile icons */\nul.profile-icons {\n	padding-top: 10px;\n	list-style: none;\n	clear: both;\n}\nul.profile-icons li {\n	float: right;\n	margin: 0;\n	margin-left: 2px;\n	padding: 0;\n	background-position: 0 100%;\n}\nul.profile-icons li a {\n	display: block;\n	width: 100%;\n	height: 100%;\n	background-position: 0 0;\n}\nul.profile-icons li span { display:none; }\nul.profile-icons li a:hover { background: none; }\n\n\n/* Profile & navigation icons */\n.quote-icon, .quote-icon a		{ background: none top left no-repeat; }\n.report-icon, .report-icon a		{ background: none top left no-repeat; }\n.warn-icon, .warn-icon a			{ background: none top left no-repeat; }\n.edit-icon, .edit-icon a			{ background: none top left no-repeat; }\n.delete-icon, .delete-icon a		{ background: none top left no-repeat; }\n.info-icon, .info-icon a			{ background: none top left no-repeat; }\n.top-icon, .top-icon a   			{ background: none top left no-repeat; }\n\nul.profile-icons li.quote-icon	{ width: {IMG_ICON_POST_QUOTE_WIDTH}px; height: {IMG_ICON_POST_QUOTE_HEIGHT}px; }\nul.profile-icons li.report-icon	{ width: {IMG_ICON_POST_REPORT_WIDTH}px; height: {IMG_ICON_POST_REPORT_HEIGHT}px; }\nul.profile-icons li.edit-icon	{ width: {IMG_ICON_POST_EDIT_WIDTH}px; height: {IMG_ICON_POST_EDIT_HEIGHT}px; }\nul.profile-icons li.delete-icon	{ width: {IMG_ICON_POST_DELETE_WIDTH}px; height: {IMG_ICON_POST_DELETE_HEIGHT}px; }\nul.profile-icons li.info-icon	{ width: {IMG_ICON_POST_INFO_WIDTH}px; height: {IMG_ICON_POST_INFO_HEIGHT}px; }\nul.profile-icons li.warn-icon	{ width: {IMG_ICON_USER_WARN_WIDTH}px; height: {IMG_ICON_USER_WARN_HEIGHT}px; }\nul.profile-icons li.top-icon	{ width: {IMG_ICON_BACK_TOP_WIDTH}px; height: {IMG_ICON_BACK_TOP_HEIGHT}px; }\n\n\n/* Post body styles */\n.postbody {\n	padding: 0;\n	line-height: 1.2em;\n	color: #333333;\n}\n.block-post .postbody {\n	margin-left: 150px;\n}\n\n.postbody .ignore {\n	font-size: 1.1em;\n	clear: right;\n}\n\n.postbody h3.first {\n	/* The first post on the page uses this */\n	font-size: 1.7em;\n}\n\nhtml>body .post-content {\n    min-height: 105px;\n}\n\n.postbody h3, h3#review {\n	/* Postbody requires a different h3 format - so change it here */\n	font-size: 1.5em;\n	padding: 2px 0 0 0;\n	margin: 0 0 0.3em 0 !important;\n	text-transform: none;\n	border: none;\n	font-family: \"Trebuchet MS\", Verdana, Helvetica, Arial, sans-serif;\n	line-height: 125%;\n}\n\n.postbody h3 img {\n	/* Also see tweaks.css */\n	vertical-align: bottom;\n}\n\n.postbody .content {\n	font-size: 1.3em;\n	clear: right;\n	margin-right: 3px;\n}\n\n.postbody .rules {\n    border: 1px solid #fff;\n    background-repeat: repeat-x;\n    background-position: top left;\n}\n\n.post-ignore .postbody {\n	display: none;\n}\n\n/* Post author */\np.author {\n    float: right;\n	padding: 0 0 5px 0;\n	font-family: Verdana, Helvetica, Arial, sans-serif;\n	font-size: 1em;\n	line-height: 1.2em;\n}\n#poll p.author {\n    padding-top: 7px;\n}\n\n.online .profile-top {\n    background-repeat: no-repeat;\n    background-position: bottom center;\n}\n\n/* Post signature */\n.signature {\n	margin-top: 1.5em;\n	padding-top: 0.2em;\n	font-size: 1.1em;\n	border-top: 1px solid #CCCCCC;\n	clear: right;\n	line-height: 140%;\n	overflow: hidden;\n}\n\ndd .signature {\n	margin: 0;\n	padding: 0;\n	margin-right: 3px;\n	clear: none;\n	border: none;\n}\n\n.signature li {\n	list-style-type: inherit;\n}\n\n.signature ul, .signature ol {\n	margin-bottom: 1em;\n	margin-left: 3em;\n}\n\n/* BB Code styles\n----------------------------------------*/\n.ca-bbcode {\n    border: solid 1px #dadada;\n    margin: 5px 20px;\n    background-position: top left;\n    background-repeat: repeat-x;\n}\n.ca-bbcode2 {\n    border: solid 1px #fff;\n    padding: 0;\n}\n\n/* Quote block */\n.ca-quote {\n    background-position: top right;\n    background-repeat: no-repeat;\n}\n\nblockquote {\n	font-size: 1em;\n	overflow: hidden;\n	padding: 5px;\n	padding-top: 0;\n}\n\nblockquote blockquote {\n	/* Nested quotes */\n	font-size: 1em;\n}\n\nblockquote cite {\n	/* Username/source of quoter */\n	font-style: normal;\n	font-weight: bold;\n	display: block;\n	font-size: 0.9em;\n}\n\nblockquote cite cite {\n	font-size: 0.9em;\n}\n\n/* Code block */\n.ca-code {\n    background-position: top right;\n    background-repeat: no-repeat;\n}\n\ndl.codebox {\n	padding: 3px;\n	padding-top: 0;\n	font-size: 1em;\n}\n\ndl.codebox dt {\n	font-size: 0.9em;\n	font-weight: bold;\n	display: block;\n}\n\ndl.codebox code {\n	/* Also see tweaks.css */\n	overflow: auto;\n	display: block;\n	height: auto;\n	max-height: 200px;\n	white-space: normal;\n	padding-top: 5px;\n	font: 0.9em Monaco, \"Andale Mono\",\"Courier New\", Courier, mono;\n	line-height: 1.3em;\n	color: #8b8b8b;\n	margin: 2px 0;\n}\n\n.code-links { \n    text-transform: lowercase;\n    float: right;\n    margin-top: 2px;\n}\n.code-links a, .code-links a:visited, .code-links a:hover, .code-links a:active {\n    text-decoration: none;\n}\n\n.code-select, .code-expand {\n    display: block;\n    float: right;\n    margin-right: 3px;\n    background-repeat: no-repeat;\n    background-position: 0 0;\n}\n\n.syntaxbg		{ color: #FFFFFF; }\n.syntaxcomment	{ color: #000000; }\n.syntaxdefault	{ color: #bcbcbc; }\n.syntaxhtml		{ color: #000000; }\n.syntaxkeyword	{ color: #585858; }\n.syntaxstring	{ color: #a7a7a7; }\n\n/* Attachments\n----------------------------------------*/\n.ca-attachment {\n    background-position: top right;\n    background-repeat: no-repeat;\n}\n\n.attachbox {\n	float: left;\n	width: auto; \n	margin: 5px 5px 5px 0;\n	padding: 6px;\n	background-color: #FFFFFF;\n	border: 1px dashed #d8d8d8;\n	clear: left;\n}\n.ca-attachment .attachbox {\n    float: none;\n    margin: 0;\n    border-width: 0;\n    background-color: transparent;\n    clear: none;\n}\n\n.pm-message .attachbox {\n	background-color: #f3f3f3;\n}\n\n.attachbox dt {\n	font-family: Arial, Helvetica, sans-serif;\n	text-transform: uppercase;\n}\n\n.attachbox dd {\n	margin-top: 4px;\n	padding-top: 4px;\n	clear: left;\n	border-top: 1px solid #d8d8d8;\n}\n\n.attachbox dd dd {\n	border: none;\n}\n\n.attachbox p {\n	line-height: 110%;\n	color: #666666;\n	font-weight: normal;\n	clear: left;\n}\n\n.attachbox p.stats\n{\n	line-height: 110%;\n	color: #666666;\n	font-weight: normal;\n	clear: left;\n}\n\n.inline-attachment {\n    padding: 2px 4px;\n}\n\n.attach-image {\n	margin: 3px 0;\n	width: 100%;\n	max-height: 350px;\n	overflow: auto;\n}\n\n.attach-image img {\n	border: 1px solid #999999;\n/*	cursor: move; */\n	cursor: default;\n}\n\n/* Inline image thumbnails */\ndiv.inline-attachment dl.thumbnail, div.inline-attachment dl.file {\n	display: block;\n	margin-bottom: 4px;\n}\n\ndiv.inline-attachment p {\n	font-size: 100%;\n}\n\ndl.file {\n	font-family: Verdana, Arial, Helvetica, sans-serif;\n	display: block;\n}\n\ndl.file dt {\n	text-transform: none;\n	margin: 0;\n	padding: 0;\n	font-weight: bold;\n	font-family: Verdana, Arial, Helvetica, sans-serif;\n}\n\ndl.file dd {\n	color: #666666;\n	margin: 0;\n	padding: 0;	\n}\n\ndl.thumbnail img {\n	padding: 3px;\n	border: 1px solid #666666;\n	background-color: #FFF;\n}\n\ndl.thumbnail dd {\n	color: #666666;\n	font-style: italic;\n	font-family: Verdana, Arial, Helvetica, sans-serif;\n}\n\n.attachbox dl.thumbnail dd {\n	font-size: 100%;\n}\n\ndl.thumbnail dt a:hover {\n	background-color: #EEEEEE;\n}\n\ndl.thumbnail dt a:hover img {\n	border: 1px solid #d2d2d2;\n}\n\n/* Poster profile block\n----------------------------------------*/\n.profile-block {\n	color: #666666;\n	border-right: 1px solid #FFFFFF;\n	width: 140px;\n	overflow: hidden;\n	float: left;\n	line-height: 1.2em;\n	margin: 0;\n	padding: 1px;\n}\n.profile-block-empty {\n    min-height: 100px;\n}\n.postprofile {\n	border-right: 1px solid #FFFFFF;\n}\nhtml>body .postprofile {\n	min-height: 120px;\n}\n.postprofile .profile-top, .postprofile .profile-rank, .postprofile .profile-avatar {\n    text-align: center;\n    margin-bottom: 3px;\n}\n.postprofile .profile-top img {\n    margin-top: 3px;\n}\n.postprofile .profile-details {\n    margin-top: 5px;\n}\n.postprofile .profile-details a { font-weight: normal; }\n\n.postprofile p {\n    margin: 0;\n    margin-bottom: 2px;\n    padding: 0;\n    font-size: 1em;\n}\n.postprofile p.profile-author {\n    padding-left: 5px;\n}\n\n.postprofile strong {\n	font-weight: normal;\n	color: #000000;\n}\n\n.avatar {\n	border: none;\n	margin-bottom: 3px;\n}\n\n.online {\n	background-image: none;\n	background-position: 100% 0;\n	background-repeat: no-repeat;\n}\n\n/* Profile popup */\n.profile-buttons {\n    position: absolute;\n    z-index: 1;\n}\n.profile-buttons, dd.profile-buttons, .profile-buttons ul, .profile-buttons li {\n    margin: 0;\n    padding: 0;\n    margin-left: 0;\n    margin-right: 0;\n}\n.profile-buttons ul {\n    list-style: none;\n    position: relative;\n    display: none;\n    border: 1px solid #FFF;\n}\n.profile-buttons li a {\n    display: block;\n    padding: 2px 3px;\n    text-align: left;\n    background-position: top left;\n    background-repeat: repeat-x;\n    border: 1px solid #FFF;\n    text-decoration: none;\n    white-space: nowrap;\n}\nhtml>body .profile-buttons li a {\n    min-width: 120px;\n}\n.profile-buttons li a:visited, .profile-buttons li a:hover, .profile-buttons li a:active {\n    text-decoration: none;\n    background-position: bottom left;\n}\n\n\n/* Profile view */\n.post-viewprofile .post-content {\n    float: left;    \n}\n.post-viewprofile dl.details {\n    clear: left;\n    float: none;\n    margin-bottom: 10px;\n}\n.post-viewprofile dl.details dt {\n    clear: both;\n    text-align: left;\n    white-space: nowrap;\n    float: left;\n}\n.post-viewprofile dl.details dd {\n    float: none;\n    margin-left: 200px;\n    margin-bottom: 7px;\n}\n.post-viewprofile h3 {\n    clear: both;\n	font-family: Arial, Helvetica, sans-serif;\n	font-weight: bold;\n	text-transform: uppercase;\n	padding-bottom: 2px;\n	font-size: 1.05em;\n	background-position: bottom left;\n	background-repeat: repeat-x;\n}\n.post-viewprofile .extended-line {\n    line-height: 1.4em;\n}\n\n/* show/hide profile buttons */\n.post-minimize {\n    display: block;\n    float: right;\n    background-repeat: no-repeat;\n}\n.post-maximize {\n    display: block;\n    float: left;\n    margin-top: 5px;\n    padding-left: 1px;\n    background-repeat: no-repeat;\n}\n.post-minimize a, .post-maximize a,\n.post-minimize a:visited, .post-maximize a:visited,\n.post-minimize a:hover, .post-maximize a:hover,\n.post-minimize a:active, .post-maximize a:active { \n    display: block; \n    text-decoration: none;\n    background-repeat: no-repeat;\n    margin: 0;\n    padding: 0;\n    line-height: 1px;\n}\n.post-minimize span, .post-maximize span { display: none; }\n\n.post-maximize, .post-maximize a {\n    height: 100px;\n    min-height: 100px;\n    border-left: white solid 1px;\n}\n\n.block-post .post-hidden {\n    margin-left: 15px;\n}\n/* Margin of outer divs */\n.forabg, .forumbg {\n	margin-bottom: 4px;\n	clear: both;\n}\n\n.panel, .post {\n	margin-bottom: 4px;\n	clear: both;\n}\n\n\n\n/* Outer divs */\n.panel {\n	color: #3f3f3f;\n}\n\n.post:target .content {\n	color: #000000;\n}\n\n.post:target h3 a {\n	color: #000000;\n}\n\n\n/* Blocks */\n.block-header, .block-header span, .block-footer, .block-footer span {\n    clear: both;\n    display: block;\n    height: 6px;\n    line-height: 1px;\n    font-size: 1px;\n    background-position: top left;\n    background-repeat: no-repeat;\n}\n.block-header, .block-footer {\n    background-repeat: repeat-x;\n}\n.block-header span span, .block-footer span span {\n    background-position: top right;\n}\n\n.block-content, .block-post, .block-table {\n    border-left: 1px solid #e5e5e5;\n    border-right: 1px solid #e5e5e5;\n    background-color: #fff;\n    padding: 0 2px;\n}\n.block-table { \n    padding: 0;\n}\n\n.block-clear {\n    clear: both;\n}\n* html .block-clear {\n    border-bottom: solid 1px red;\n}\n\n/* Navigation */\n.navbar {\n    white-space: nowrap;\n    border: solid 1px #000;\n    padding: 0 5px;\n}\n\n/* Padding of inner divs */\n.navbar .block-content {\n	padding: 0 5px;\n}\n.navbar-top {\n    margin-bottom: 5px;\n}\n.section-index .navbar-top, .section-viewforum .navbar-top, .section-viewtopic .navbar-top {\n    margin-bottom: 2px;\n}\n\n.panel-table .block-content, #ip .block-content {\n    padding: 0;\n}\n#navigation .block-content, #pm-folder .block-content {\n    padding: 1px;\n}\n.rules .block-content, #cp-main .block-content, .panel .block-content {\n    padding: 0 2px;\n}\n.rules .block-inner, .panel .block-inner, .post .block-inner {\n    padding: 5px;\n    border: solid 1px #000;\n    border-width: 1px 0;\n}\n\n.panel-table h3 { padding-left: 5px; }\n\n/* PM notification */\n.pm-notify-new, .pm-notify-unread {\n    width: 400px;\n    margin: 5px auto;\n    text-align: center;\n    border: solid 1px white;\n    background-position: top left;\n    background-repeat: repeat-x;\n    padding: 5px;\n    text-align: center;\n}\n.pm-notify-new h3, .pm-notify-unread h3 {\n    margin-top: 5px;\n    text-align: left;\n}\n/* Style Sheet Tweaks\n\nThese style definitions are mainly IE specific \ntweaks required due to its poor CSS support.\n-------------------------------------------------*/\n\n* html table, * html select, * html input { font-size: 100%; }\n* html hr { margin: 0; }\n\ntable.table1 {\n	width: 99%;		/* IE < 6 browsers */\n	/* Tantek hack */\n	voice-family: \"\\\"}\\\"\";\n	voice-family: inherit;\n	width: 100%;\n}\nhtml>body table.table1 { width: 100%; }	/* Reset 100% for opera */\n\n* html ul.topiclist li { position: relative; }\n* html .postbody h3 img { vertical-align: middle; }\n\n/* Headerbar height fix for IE7 and below */\n* html #site-description p {\n	margin-bottom: 1.0em;\n}\n\n*:first-child+html #site-description p {\n	margin-bottom: 1.0em;\n}\n\n\n/* Form styles */\nhtml>body dd label input { vertical-align: text-bottom; }	/* Align checkboxes/radio buttons nicely */\n\n* html input.button1, * html input.button2 {\n	padding-bottom: 0;\n	margin-bottom: 1px;\n}\n\n/* Misc layout styles */\n* html .column1, * html .column2 { width: 45%; }\n\n/* Nice method for clearing floated blocks without having to insert any extra markup (like spacer above)\n   From http://www.positioniseverything.net/easyclearing.html \n#tabs:after, #minitabs:after, .post:after, .navbar:after, fieldset dl:after, ul.topiclist dl:after, ul.linklist:after, dl.polls:after {\n	content: \".\"; \n	display: block; \n	height: 0; \n	clear: both; \n	visibility: hidden;\n}*/\n\n.clearfix, #tabs, #minitabs, fieldset dl, ul.topiclist dl, dl.polls {\n	height: 1%;\n	overflow: hidden;\n}\n\n/* navbar fix */\n* html .clearfix, * html .navbar, ul.linklist {\n	height: 4%;\n	overflow: hidden;\n}\n\n/* Simple fix so forum and topic lists always have a min-height set, even in IE6\n	From http://www.dustindiaz.com/min-height-fast-hack */\ndl.icon {\n	min-height: 35px;\n	height: auto !important;\n	height: 35px;\n}\n\n* html #search-box {\n	width: 25%;\n}\n\n/* Correctly clear floating for details on profile view */\n*:first-child+html dl.details dd {\n	margin-left: 30%;\n	float: none;\n}\n\n* html dl.details dd {\n	margin-left: 30%;\n	float: none;\n}\n\n* html .profile-details {\n    clear: both;\n}\n\n* html .profile-buttons li a {\n    width: 250px;\n    white-space: nowrap;\n}\n\n* html .profile-buttons {\n    z-index: 2;\n}\n\n/* Profile buttons */\n* html ul.profile-icons {\n    height: 1px;\n}\n\n/* Page */\n* html #page-body {\n    position: relative;\n}\n* html .buttons, * html .buttons div, * html .topic-actions {\n    position: relative;\n}\n* html .profile-block {\n    position: relative;\n}\n/*  	\n--------------------------------------------------------------\nColours and backgrounds for common.css\n-------------------------------------------------------------- */\n\nhtml, body {\n	color: #f0f0f0;\n	background-color: #C0C0C0;\n	background-image: url(\"{T_THEME_PATH}/images/content_bg.gif\");\n}\n\np {\n    color: #f0f0f0;\n}\n\nh1, h2 {\n	color: #5698CF;\n}\n\nh3, div.post-viewprofile h3 {\n	color: #5698CF;\n	background-image: url(\"{T_THEME_PATH}/images/bg_h3.gif\");\n}\n.pm-notify-new h3 {\n    color: #fff;\n}\n\nhr {\n	border-color: #1c1c1c;\n	border-top-color: #282828;\n}\nhr.dashed {\n	border-top-color: #333;\n}\n.block-content hr {\n    border-color: #232323;\n	border-top-color: #3f3f3f;\n}\n\n/* Header/footer */\n#header-wrapper {\n	background-color: #3b3b3b;\n	background-image: url(\"{T_THEME_PATH}/images/bg_body.gif\");\n}\n#header {\n	background-color: #000;\n	background-image: url(\"{T_THEME_PATH}/images/bg_logo.gif\");\n}\n#header-left {\n	background-image: url(\"{T_THEME_PATH}/images/logo_left.gif\");\n}\n#header-right {\n	background-image: url(\"{T_THEME_PATH}/images/logo_right.gif\");\n}\n\n#content-wrapper {\n	background-image: url(\"{T_THEME_PATH}/images/content_top.gif\");\n}\n\n#content {\n    background-color: #1c1c1c;\n}\n\n#page-body {\n    border-color: #000;\n}\n\n#footer span {\n	background-image: url(\"{T_THEME_PATH}/images/content_bottom_left.gif\");\n}\n#footer span span {\n	background-image: url(\"{T_THEME_PATH}/images/content_bottom_right.gif\");\n}\n#footer span span span {\n	background-image: url(\"{T_THEME_PATH}/images/content_bottom.gif\");\n}\n\n#copyrights {\n	color: #444;\n}\n#copyrights a, #copyrights a:visited {\n	color: #444;\n}\n#copyrights a:hover, #copyrights a:active {\n	color: #E0BF07;\n}\n#copyrights a.acp-link, #copyrights a.acp-link:visited {\n    color: #E0BF07;\n}\n#copyrights a.acp-link:hover, #copyrights a.acp-link:active {\n    color: #5698CF;\n}\n#affiliates {\n	color: #444;\n}\n\n.topnav {\n	background-image: url(\"{T_THEME_PATH}/images/bg_navbar.gif\");\n    color: #b0b0b0;\n    border-color: #000;\n}\n\n#search-box a:link, #search-box a:visited {\n    color: #527C9F;\n}\n\n.topnav a:link, .topnav a:visited {\n	color: #E0BF07;\n}\n.topnav .current a, .topnav .current a:visited {\n    color: #fff;\n}\n\n.topnav a:hover, .topnav .current a:hover {\n	color: #5698CF;\n}\n\n#search-box a:hover, #search-box a:active, .topnav a:active, .topnav .current a:active {\n	color: #fff;\n}\n\n\n/* Round cornered boxes and backgrounds\n---------------------------------------- */\n.block-header {\n    background-image: url(\"{T_THEME_PATH}/images/block_top.gif\");\n}\n.block-header span {\n    background-image: url(\"{T_THEME_PATH}/images/block_top_left.gif\");\n}\n.block-header span span {\n    background-image: url(\"{T_THEME_PATH}/images/block_top_right.gif\");\n}\n\n.block-footer {\n    background-image: url(\"{T_THEME_PATH}/images/block_bottom.gif\");\n}\n.block-footer span {\n    background-image: url(\"{T_THEME_PATH}/images/block_bottom_left.gif\");\n}\n.block-footer span span {\n    background-image: url(\"{T_THEME_PATH}/images/block_bottom_right.gif\");\n}\n\n.block-content, .block-post, .block-table {\n    border-color: #000;\n    background-color: #3b3b3b;\n}\n.block-inner {\n    background-color: #232323;\n}\n.block-clear, * html .block-clear {\n    border-color: #3b3b3b;\n}\n.rules .block-inner, .block-cp .block-inner, .panel .block-inner, .post .block-inner {\n    border-bottom-color: #222;\n    border-top-color: #404040;\n}\n\n/* Navbar */\n.navbar {\n    background-color: #292929;\n    border-color: #000;\n}\n\n.pm-notify-new, .pm-notify-unread {\n    border-color: #444;\n    border-right-color: #3a3a3a;\n    border-bottom-color: #3a3a3a;\n    background-color: #232323;\n}\n.pm-notify-new {\n    border-color: #888;\n}\n\n\n/* Horizontal lists\n----------------------------------------*/\n\nul.navlinks {\n	border-bottom-color: #fff;\n}\n.navlinks .rightside, .navlinks .leftside {\n    color: #ccc;\n}\n.navlinks .timezone {\n    color: #666;\n}\nli.header, th {\n    background-color: #303030;\n    background-image: url(\"{T_THEME_PATH}/images/bg_th.gif\");\n    color: #a0a0a0;\n}\n\n.navlinks {\n    color: #666;\n}\n\n/* Table styles\n----------------------------------------*/\ntable.table1 thead th, #cp-main table.table1 thead th {\n	color: #a0a0a0;\n	border-left-color: #363636;\n	border-right-color: #282828;\n}\n\ntable.table1 tbody tr {\n	border-color: #e0e0e0;\n}\n\ntable.table1 td {\n	color: #f0f0f0;\n}\n\n.table1 .bg1 {\n    background-color: #232323;\n}\n.table1 .bg2, .table1 .bg3 {\n    background-color: #292929;\n}\n\ntable.table1 tbody td {\n	border-color: #181818;\n	border-top-color: #333;\n	border-left-color: #333;\n}\n\ntable.table1 tbody th {\n	color: #a0a0a0;\n	border-bottom-color: #181818;\n	background-color: #232323;\n	border-left-color: #363636;\n	border-right-color: #282828;\n}\n\ntable.info tbody th {\n	color: #7c7c7c;\n}\n\n/* Misc layout styles\n---------------------------------------- */\ndl.details dt {\n	color: #ccc;\n}\n\ndl.details dd {\n	color: #f0f0f0;\n}\n\n.sep {\n	color: #4F70B5;\n}\n\n/* Pagination\n---------------------------------------- */\n\n.pagination span strong {\n	color: #5698CF;\n	background-color: #222;\n	border-color: #282828;\n}\n\n.pagination span a:active {\n	color: #5C758C;\n	background-color: #ECEDEE;\n	border-color: #B4BAC0;\n}\n\n.pagination span a, .pagination span a:link, .pagination span a:visited {\n	color: #E0BF07;\n	background-color: #333;\n	border-color: #444;\n}\n\n.row .pagination span a, li.pagination span a {\n	background-color: #333;\n	border-color: #444;\n}\n\n.pagination span a:hover, .row .pagination span a:hover, li.pagination span a:hover {\n	border-color: #000;\n	background-color: #5698CF;\n	color: #fff;\n}\n\n.row .pagination {\n	background-image: url(\"{T_THEME_PATH}/images/icon_pages.gif\");\n}\n\n\n/* Miscellaneous styles\n---------------------------------------- */\n\n.copyright {\n	color: #555555;\n}\n\n.error {\n	color: #D3380F;\n}\n\ndiv.rules {\n	color: #D3380F;\n}\n\n#smiley-box {\n    color: #ccc;\n}\n\n/*  	\n--------------------------------------------------------------\nColours and backgrounds for links.css\n-------------------------------------------------------------- */\n\na:link	{ color: #E0BF07; }\na:visited	{ color: #E0BF07; }\na:hover	{ color: #5698CF; }\na:active	{ color: #fff; }\n\n/* Links on gradient backgrounds */\n.forumbg .header a:link, .forabg .header a:link, th a:link, #cp-main .panel .header a:link {\n    color: #a0a0a0;\n    text-decoration: underline;\n}\n\n.forumbg .header a:visited, .forabg .header a:visited, th a:visited, #cp-main .panel .header a:visited {\n    color: #a0a0a0;\n    text-decoration: underline;\n}\n\n.forumbg .header a:hover, .forabg .header a:hover, th a:hover, #cp-main .panel .header a:hover {\n    color: #fff;\n}\n\n.forumbg .header a:active, .forabg .header a:active, th a:active, #cp-main .panel .header a:active {\n    color: #E0BF07;\n}\n\n/* Links for forum/topic lists */\na.forumtitle, a.forumtitle:visited, a.topictitle, a.topictitle:visited {\n	color: #E0BF07;\n}\n\na.forumtitle:hover, a.topictitle:hover {\n	color: #5698CF;\n}\n\na.forumtitle:active, a.topictitle:active {\n	color: #E0BF07;\n}\n\n.row-new a.forumtitle, .row-new a.forumtitle:visited, .row-new a.topictitle, .row-new a.topictitle:visited {\n	color: #5698CF;\n}\n\n.row-new a.forumtitle:hover, .row-new a.forumtitle:active, .row-new a.topictitle:hover, .row-new a.topictitle:active {\n	color: #fff;\n}\n\n\n\n/* Post body links */\n.postlink {\n	color: #E0BF07;\n}\n\n.postlink:visited {\n	color: #AD971C;\n}\n\n.postlink:hover {\n	color: #5698CF;\n}\n\n.postlink:active {\n	color: #fff;\n}\n\n.signature a, .signature a:visited, .signature a:hover, .signature a:active {\n	background-color: transparent;\n}\n\n/* Profile links */\n.postprofile a:link, .postprofile a:visited, .postprofile dt.author a {\n	color: #105289;\n}\n\n.postprofile a:hover, .postprofile dt.author a:hover {\n	color: #D31141;\n}\n\n.postprofile a:active {\n	color: #105289;\n}\n\n/* Profile popup */\n.profile-buttons ul {\n    border-color: #111;\n    background-color: #232323;\n}\n.profile-buttons li a {\n    background-color: #292929;\n    border-color: #333;\n    border-bottom-color: #222;\n}\n.profile-buttos li a:hover, .profile-buttons li a:active {\n    background-color: #333;\n}\n\n/* Back to top of page */\na.top {\n	background-image: url(\"{IMG_ICON_BACK_TOP_SRC}\");\n}\n\na.top2 {\n	background-image: url(\"{IMG_ICON_BACK_TOP_SRC}\");\n}\n\n/* Arrow links  */\na.up		{ background-image: url(\"{T_THEME_PATH}/images/arrow_up.gif\") }\na.down		{ background-image: url(\"{T_THEME_PATH}/images/arrow_down.gif\") }\na.left		{ background-image: url(\"{T_THEME_PATH}/images/arrow_left.gif\") }\na.right		{ background-image: url(\"{T_THEME_PATH}/images/arrow_right.gif\") }\n\na.up:hover {\n	background-color: transparent;\n}\n\na.left:hover {\n	color: #fff;\n}\n\na.right:hover {\n	color: #fff;\n}\n\n\n/*  	\n--------------------------------------------------------------\nColours and backgrounds for content.css\n-------------------------------------------------------------- */\n\nul.topiclist li {\n	color: #eee;\n}\n\nul.topiclist dd {\n	border-left-color: #393939;\n}\n\nul.topiclist li.row dt a.subforum.read {\n	background-image: url(\"{IMG_SUBFORUM_READ_SRC}\");\n}\n\nul.topiclist li.row dt a.subforum.unread {\n	background-image: url(\"{IMG_SUBFORUM_UNREAD_SRC}\");\n}\n\nli.row, #cp-main .panel li.row {\n	border-top-color:  #363636;\n	border-bottom-color: #111;\n	background-color: #232323;\n}\n\nli.row strong {\n	color: #fff;\n}\n\nli.row:hover {\n	background-color: #292929;\n}\n\nli.row:hover dd {\n	border-left-color: #393939;\n}\n\nli.header dt, li.header dd, #cp-main .panel li.header dd, #cp-main .panel li.header dt {\n	color: #7c7c7c;\n}\n\n/* Forum list column styles */\nul.topiclist dd.searchextra {\n	color: #333333;\n}\n\n/* Post body styles\n----------------------------------------*/\n.post:target .content {\n	color: #f0f0f0;\n}\n\n.post h3 a, .post h3 a:visited {\n    color: #5698CF;\n}\n.post:target h3 a, .post:target h3 a:visited {\n	color: #fff;\n}\n.post h3 a:hover, .post h3 a:active, .post:target h3 a:hover, .post:target h3 a:active {\n    color: #E0BF07;\n}\n\n.postbody {\n	color: #f0f0f0;\n}\n.postbody h3, h3#review {\n    background-image: none;\n}\n.postbody .rules {\n    border-color: #111;\n	background-color: #292929;\n}\n.postbody .rules:hover {\n    border-color: #000;\n    background-color: #232323;\n}\n\n.postbody .author {\n    color: #c0c0c0;\n}\n\n/* Content container styles\n----------------------------------------*/\n.content {\n	color: #f0f0f0;\n}\n\n.content h2, .panel h2 {\n	color: #E0BF07;\n	border-bottom-color:  #383838;\n}\n\ndl.faq dt {\n	color: #f0f0f0;\n}\n\n.posthilit {\n	color: #5698CF;\n}\n\n/* Post signature */\n.signature {\n    color: #ccc;\n	border-top-color: #383838;\n}\n\n/* Post noticies */\n.notice {\n	color: #ccc;\n	border-top-color:  #383838;\n}\n\n/* BB Code styles\n----------------------------------------*/\n.ca-bbcode {\n    border-color: #111;\n	background-color: #292929;\n}\n.ca-bbcode2 {\n    border-color: #363636;\n}\n\n/* Quote block */\n.ca-quote {\n	background-image: url(\"{T_THEME_PATH}/images/bb_quote.gif\");\n}\n\nblockquote cite {\n    color: #5698CF;\n}\n\n/* Code block */\ndl.codebox dt {\n	color: #5698CF;\n}\n\ndl.codebox code {\n	color: #f0f0f0;\n}\n\ndl.codebox code .highlight {\n    color: #5698CF;\n}\n\n.syntaxbg		{ color: #292929; }\n.syntaxcomment	{ color: #777; }\n.syntaxdefault	{ color: #94CBEA; }\n.syntaxhtml		{ color: #f0f0f0; }\n.syntaxkeyword	{ color: #ededed; }\n.syntaxstring	{ color: #E3EA94; }\n\n.code-select {\n    background-image: url(\"{T_THEME_PATH}/images/bb_select.gif\");\n    height: 13px;\n    width: 14px;\n}\n\n.code-expand {\n    background-image: url(\"{T_THEME_PATH}/images/bb_expand.gif\");\n    height: 13px;\n    width: 12px;\n}\n.code-select:hover, .code-expand:hover {\n    background-position: 0 -13px;\n}\n\n/* Attachments\n----------------------------------------*/\n.ca-attachment {\n	background-image: url(\"{T_THEME_PATH}/images/bb_attach.gif\");\n}\n\n.attachbox {\n    border-color: #363636;\n	background-color: #292929;\n}\n\n.attachbox dd {\n	border-top-color: #393939;\n}\n\n.attachbox p {\n	color: #f0f0f0;\n}\n\n.attachbox p.stats {\n	color: #f0f0f0;\n}\n\n.attach-image img {\n	border-color: #333;\n}\n\n/* Inline image thumbnails */\n\ndl.file dd {\n	color: #f0f0f0;\n}\n\ndl.thumbnail img {\n	border-color: #333;\n	background-color: #292929;\n}\n\ndl.thumbnail dd {\n	color: #444;\n}\n\ndl.thumbnail dt a:hover {\n	background-color: #333;\n}\n\ndl.thumbnail dt a:hover img {\n	border-color: #444;\n}\n\n/* Post poll styles\n----------------------------------------*/\n\nfieldset.polls dl {\n	border-top-color: #333;\n	color: #f0f0f0;\n}\n\nfieldset.polls dl.voted {\n	color: #5698CF;\n}\n\nfieldset.polls dd div {\n	color: #f0f0f0;\n}\n\nfieldset.polls .voted dd div {\n	color: #5698CF;\n}\n\n.pollbar, .pollbar1, .pollbar2, .pollbar3, .pollbar4, .pollbar5 {\n	background-color: #333;\n	border-bottom-color: #111;\n	border-right-color: #111;\n	border-left-color: #383838;\n	border-top-color: #383838;\n}\n\n/* Poster profile block\n----------------------------------------*/\n.profile-block {\n	color: #c0c0c0;\n	border-right-color: #393939;\n}\n.postprofile {\n    border-right-color: #333;\n}\n\n.online .profile-top {\n	background-image: url(\"{IMG_ICON_USER_ONLINE_SRC}\");\n    padding-bottom: {IMG_ICON_USER_ONLINE_HEIGHT}px;	\n}\n\n.pm .postprofile {\n	border-left-color: #DDDDDD;\n}\n\n.postprofile strong {\n	color: #c0c0c0;\n}\n\n/* Post minimize/maximize buttons */\n.post-minimize {\n	background-image: url(\"{T_THEME_PATH}/images/post_hide.gif\");\n}\n.post-maximize a {\n	background-image: url(\"{T_THEME_PATH}/images/post_show.gif\");\n}\n.post-minimize, .post-minimize a, .post-maximize, .post-maximize a {\n	width: 7px;\n	height: 9px;\n}\n.post-maximize {\n    width: 9px;\n    border-left-color: #393939;\n}\n.post-maximize a {\n    border-left-color: #333;\n}\n\n/*  	\n--------------------------------------------------------------\nColours and backgrounds for buttons.css\n-------------------------------------------------------------- */\n\n.buttons a, .buttons a:visited, .buttons a:hover, .buttons a:active {\n    color: #1c1c1c;\n}\n\n/* Big button images */\n.reply-icon span	{ background-image: url(\"{IMG_BUTTON_TOPIC_REPLY_SRC}\"); }\n.post-icon span		{ background-image: url(\"{IMG_BUTTON_TOPIC_NEW_SRC}\"); }\n.locked-icon span	{ background-image: url(\"{IMG_BUTTON_TOPIC_LOCKED_SRC}\"); }\n.pmreply-icon span	{ background-image: url(\"{IMG_BUTTON_PM_REPLY_SRC}\") ;}\n.newpm-icon span 	{ background-image: url(\"{IMG_BUTTON_PM_NEW_SRC}\") ;}\n.forwardpm-icon span	{ background-image: url(\"{IMG_BUTTON_PM_FORWARD_SRC}\") ;}\n\n/* Icon images\n---------------------------------------- */\n.sitehome						{ background-image: url(\"{T_THEME_PATH}/images/icon_home.gif\"); }\n.icon-home						{ background-image: url(\"{T_THEME_PATH}/images/icon_home.gif\"); }\n\n/* Profile & navigation icons */\n.quote-icon, .quote-icon a		{ background-image: url(\"{IMG_ICON_POST_QUOTE_SRC}\"); }\n.report-icon, .report-icon a	{ background-image: url(\"{IMG_ICON_POST_REPORT_SRC}\"); }\n.edit-icon, .edit-icon a		{ background-image: url(\"{IMG_ICON_POST_EDIT_SRC}\"); }\n.delete-icon, .delete-icon a	{ background-image: url(\"{IMG_ICON_POST_DELETE_SRC}\"); }\n.info-icon, .info-icon a		{ background-image: url(\"{IMG_ICON_POST_INFO_SRC}\"); }\n.warn-icon, .warn-icon a		{ background-image: url(\"{IMG_ICON_USER_WARN_SRC}\"); }\n.top-icon, .top-icon a		    { background-image: url(\"{IMG_ICON_BACK_TOP_SRC}\"); }\n\n/* CP tabbed menu\n----------------------------------------*/\n#tabs a, #minitabs a {\n	background-image: url(\"{T_THEME_PATH}/images/bg_tabs1.gif\");\n}\n\n#tabs a span, #minitabs a span {\n	background-image: url(\"{T_THEME_PATH}/images/bg_tabs2.gif\");\n	color: #E0BF07;\n}\n\n#tabs a:hover span, #minitabs a:hover span {\n	color: #5698CF;\n}\n\n#tabs .activetab a span, #minitabs .activetab a span {\n	color: #5698CF;\n}\n\n#tabs .activetab a:hover span, #minitabs .activetab a:hover span {\n	color: #fff;\n}\n\n/* UCP navigation menu\n----------------------------------------*/\n\n/* Link styles for the sub-section links */\n#navigation a {\n	color: #E0BF07;\n	border-top-color: #333;\n	border-bottom-color: #181818;\n	background-color: #232323;\n}\n\n#navigation a:hover {\n	background-image: none;\n	background-color: #aabac6;\n	color: #BC2A4D;\n}\n\n#navigation .active-section a {\n	color: #5698CF;\n}\n\n#navigation .active-subsection a {\n	color: #5698CF;\n}\n\n#navigation .active-section a:hover, #navigation .active-subsection a:hover {\n	color: #fff;\n}\n\n#navigation .active-subsection a, #navigation .inactive-subsection a {\n    background-image: url(\"{T_THEME_PATH}/images/bg_navigation.gif\");\n}\n\n/* Friends list */\ndl.mini dt {\n    color: #eee;\n}\n\n/* PM Styles\n----------------------------------------*/\n/* PM Message history */\n#topicreview a.current, #topicreview a.current:visited {\n	color: #E0BF07;\n}\n#topicreview a.current:hover {\n	color: #5698CF;\n    text-decoration: underline;    \n}\n\n/* PM marking colours */\n.pmlist li.pm_message_reported_colour, .pm_message_reported_colour {\n	border-left-color: #5698CF;\n	border-right-color: #5698CF;\n}\n\n.pmlist li.pm_marked_colour, .pm_marked_colour {\n	border-color: #DA7256;\n}\n\n.pmlist li.pm_replied_colour, .pm_replied_colour {\n	border-color: #ababab;\n}\n\n.pmlist li.pm_friend_colour, .pm_friend_colour {\n	border-color: #506EAE;\n}\n\n.pmlist li.pm_foe_colour, .pm_foe_colour {\n	border-color: #565656;\n}\n\n/* Avatar gallery */\n#gallery label {\n	background-color: #292929;\n	border-top-color: #363636;\n	border-left-color: #363636;\n	border-bottom-color: #111;\n	border-right-color: #111;\n}\n\n#gallery label:hover {\n	background-color: #333;\n	border-top-color: #3a3a3a;\n	border-left-color: #3a3a3a;\n	border-bottom-color: #222;\n	border-right-color: #222;\n}\n\n/*  	\n--------------------------------------------------------------\nColours and backgrounds for forms.css\n-------------------------------------------------------------- */\n\n/* General form styles\n----------------------------------------*/\nselect {\n	border-color: #666666;\n	background-color: #FAFAFA;\n	color: 444;\n}\n\nlabel {\n	color: #f0f0f0;\n}\n\noption.disabled-option {\n	color: graytext;\n}\n\n/* Definition list layout for forms\n---------------------------------------- */\ndd label, fieldset {\n	color: #f0f0f0;\n}\n\n/* Hover effects */\nfieldset dl:hover dt label {\n	color: #fff;\n}\n\nfieldset.fields2 dl:hover dt label {\n	color: #fff;\n}\n\n/* Quick-login on index page */\nfieldset.quick-login input.inputbox {\n	background-color: #212121;\n}\n\n/* Input field styles\n---------------------------------------- */\n.inputbox, textarea, #search-box input, select {\n	background-color: #212121; \n	border-color: #000;\n	color: #8093A2;\n}\n#message-box textarea, textarea {\n	color: #ccc;\n}\n* html .inputbox, * html textarea, * html #message-box textarea, * html #search-box input, * html select {\n    color: #f0f0f0;\n}\n\n.inputbox:hover, #search-box input:hover, select:hover, textarea:hover {\n    background-color: #181818;\n	border-color: #464646;\n	color: #ddd;\n}\n#message-box textarea:hover {\n	color: #ddd;\n	border-color: #464646;\n	background-color: #212121; \n}\n\n.inputbox:focus, #search-box input:focus, select:focus, textarea:focus {\n    background-color: #000;\n	color: #fff;\n}\n#message-box textarea:focus {\n	color: #fff;\n	border-color: #464646;\n	background-color: #212121; \n}\n\n/* Form button styles\n---------------------------------------- */\n\ninput.button3, a.button2, input.button2 {\n	color: #ddd;\n	background-color: #212121;\n	border-color: #000;\n}\n\na.button1, input.button1 {\n	border-color: #464646;\n	color: #E0BF07;\n	background-color: #111;\n}\n\na.button2, input.button2, input.button3 {\n	border-color: #000;\n}\n\n/* <a> button in the style of the form buttons */\na.button2, a.button2:link, a.button2:visited, a.button2:active {\n	color: #ddd;\n}\n\na.button1, a.button1:link, a.button1:visited, a.button1:active {\n	color: #E0BF07;\n}\n\n/* Hover states */\na.button2:hover, input.button2:hover, input.button3:hover, * html input.button2, * html input.button3 {\n    color: #fff;\n    border-color: #333;\n    background-color: #222;\n}\n\na.button1:hover, input.button1:hover, * html input.button1 {\n    color: #E0BF07;\n    border-color: #666;\n    background-color: #222;\n}\n\ninput.search {\n	background-image: url(\"{T_THEME_PATH}/images/icon_textbox_search2.gif\");\n}\ninput.search:hover, * html .input.search:hover {\n	background-image: url(\"{T_THEME_PATH}/images/icon_textbox_search.gif\");\n}\n\ninput.disabled, input.disabled:hover, input.disabled:focus {\n	color: #8093A2;\n}\n\ninput#fileupload, input#fileupload:hover, input#fileupload:focus {\n    background-color: #fff;\n    border-color: #444;\n    color: #666;\n}\n\n/* Forum expand */\n.forum-expand {\n    background-image: url(\"{T_THEME_PATH}/images/header_expand.gif\");\n    height: 13px;\n    width: 12px;\n}\n.forum-expand:hover {\n    background-position: 0 -13px;\n}\n\n/* CP */\nul.cplist {\n    border-color: #111;\n}\ndt span {\n    color: #999;\n}\n');

# Table: phpbb_topics
DROP TABLE IF EXISTS phpbb_topics;
CREATE TABLE `phpbb_topics` (
  `topic_id` mediumint(8) unsigned NOT NULL AUTO_INCREMENT,
  `forum_id` mediumint(8) unsigned NOT NULL DEFAULT '0',
  `icon_id` mediumint(8) unsigned NOT NULL DEFAULT '0',
  `topic_attachment` tinyint(1) unsigned NOT NULL DEFAULT '0',
  `topic_approved` tinyint(1) unsigned NOT NULL DEFAULT '1',
  `topic_reported` tinyint(1) unsigned NOT NULL DEFAULT '0',
  `topic_title` varchar(255) CHARACTER SET utf8 COLLATE utf8_unicode_ci NOT NULL DEFAULT '',
  `topic_poster` mediumint(8) unsigned NOT NULL DEFAULT '0',
  `topic_time` int(11) unsigned NOT NULL DEFAULT '0',
  `topic_time_limit` int(11) unsigned NOT NULL DEFAULT '0',
  `topic_views` mediumint(8) unsigned NOT NULL DEFAULT '0',
  `topic_replies` mediumint(8) unsigned NOT NULL DEFAULT '0',
  `topic_replies_real` mediumint(8) unsigned NOT NULL DEFAULT '0',
  `topic_status` tinyint(3) NOT NULL DEFAULT '0',
  `topic_type` tinyint(3) NOT NULL DEFAULT '0',
  `topic_first_post_id` mediumint(8) unsigned NOT NULL DEFAULT '0',
  `topic_first_poster_name` varchar(255) COLLATE utf8_bin NOT NULL DEFAULT '',
  `topic_first_poster_colour` varchar(6) COLLATE utf8_bin NOT NULL DEFAULT '',
  `topic_last_post_id` mediumint(8) unsigned NOT NULL DEFAULT '0',
  `topic_last_poster_id` mediumint(8) unsigned NOT NULL DEFAULT '0',
  `topic_last_poster_name` varchar(255) COLLATE utf8_bin NOT NULL DEFAULT '',
  `topic_last_poster_colour` varchar(6) COLLATE utf8_bin NOT NULL DEFAULT '',
  `topic_last_post_subject` varchar(255) COLLATE utf8_bin NOT NULL DEFAULT '',
  `topic_last_post_time` int(11) unsigned NOT NULL DEFAULT '0',
  `topic_last_view_time` int(11) unsigned NOT NULL DEFAULT '0',
  `topic_moved_id` mediumint(8) unsigned NOT NULL DEFAULT '0',
  `topic_bumped` tinyint(1) unsigned NOT NULL DEFAULT '0',
  `topic_bumper` mediumint(8) unsigned NOT NULL DEFAULT '0',
  `poll_title` varchar(255) COLLATE utf8_bin NOT NULL DEFAULT '',
  `poll_start` int(11) unsigned NOT NULL DEFAULT '0',
  `poll_length` int(11) unsigned NOT NULL DEFAULT '0',
  `poll_max_options` tinyint(4) NOT NULL DEFAULT '1',
  `poll_last_vote` int(11) unsigned NOT NULL DEFAULT '0',
  `poll_vote_change` tinyint(1) unsigned NOT NULL DEFAULT '0',
  PRIMARY KEY (`topic_id`),
  KEY `forum_id` (`forum_id`),
  KEY `forum_id_type` (`forum_id`,`topic_type`),
  KEY `last_post_time` (`topic_last_post_time`),
  KEY `topic_approved` (`topic_approved`),
  KEY `forum_appr_last` (`forum_id`,`topic_approved`,`topic_last_post_id`),
  KEY `fid_time_moved` (`forum_id`,`topic_last_post_time`,`topic_moved_id`)
) ENGINE=MyISAM AUTO_INCREMENT=6 DEFAULT CHARSET=utf8 COLLATE=utf8_bin;

INSERT INTO phpbb_topics (topic_id, forum_id, icon_id, topic_attachment, topic_approved, topic_reported, topic_title, topic_poster, topic_time, topic_time_limit, topic_views, topic_replies, topic_replies_real, topic_status, topic_type, topic_first_post_id, topic_first_poster_name, topic_first_poster_colour, topic_last_post_id, topic_last_poster_id, topic_last_poster_name, topic_last_poster_colour, topic_last_post_subject, topic_last_post_time, topic_last_view_time, topic_moved_id, topic_bumped, topic_bumper, poll_title, poll_start, poll_length, poll_max_options, poll_last_vote, poll_vote_change) VALUES (1, 2, 0, 0, 1, 0, 'Welcome to phpBB3', 2, 1395251289, 0, 13, 0, 0, 0, 0, 1, 'admin', 'AA0000', 1, 2, 'admin', 'AA0000', 'Welcome to phpBB3', 1395251289, 1395664929, 0, 0, 0, '', 0, 0, 1, 0, 0),(5, 4, 0, 0, 1, 0, 'TODO', 53, 1398357079, 0, 4, 1, 1, 0, 0, 10, 'Sork Pippi', '', 11, 50, 'Dexrion', '', 'Re: TODO', 1398358846, 1398359719, 0, 0, 0, '', 0, 0, 0, 0, 0),(3, 5, 0, 0, 1, 0, 'Dexrions PowerMaker!', 50, 1395406084, 0, 15, 0, 0, 0, 0, 6, 'Dexrion', '', 6, 50, 'Dexrion', '', 'Dexrions PowerMaker!', 1395406084, 1398419196, 0, 0, 0, '', 0, 0, 1, 0, 0),(4, 5, 0, 0, 1, 0, 'Z\'s 2way', 49, 1395410525, 0, 29, 2, 2, 0, 0, 7, 'ZHiTNiK', '', 9, 49, 'ZHiTNiK', '', 'Re: Z\'s 2way', 1398209196, 1398333423, 0, 0, 0, '', 0, 0, 0, 0, 0);

# Table: phpbb_topics_posted
DROP TABLE IF EXISTS phpbb_topics_posted;
CREATE TABLE `phpbb_topics_posted` (
  `user_id` mediumint(8) unsigned NOT NULL DEFAULT '0',
  `topic_id` mediumint(8) unsigned NOT NULL DEFAULT '0',
  `topic_posted` tinyint(1) unsigned NOT NULL DEFAULT '0',
  PRIMARY KEY (`user_id`,`topic_id`)
) ENGINE=MyISAM DEFAULT CHARSET=utf8 COLLATE=utf8_bin;

INSERT INTO phpbb_topics_posted (user_id, topic_id, topic_posted) VALUES (50, 3, 1),(2, 1, 1),(50, 4, 1),(49, 4, 1),(53, 5, 1),(50, 5, 1);

# Table: phpbb_topics_track
DROP TABLE IF EXISTS phpbb_topics_track;
CREATE TABLE `phpbb_topics_track` (
  `user_id` mediumint(8) unsigned NOT NULL DEFAULT '0',
  `topic_id` mediumint(8) unsigned NOT NULL DEFAULT '0',
  `forum_id` mediumint(8) unsigned NOT NULL DEFAULT '0',
  `mark_time` int(11) unsigned NOT NULL DEFAULT '0',
  PRIMARY KEY (`user_id`,`topic_id`),
  KEY `topic_id` (`topic_id`),
  KEY `forum_id` (`forum_id`)
) ENGINE=MyISAM DEFAULT CHARSET=utf8 COLLATE=utf8_bin;

INSERT INTO phpbb_topics_track (user_id, topic_id, forum_id, mark_time) VALUES (50, 5, 4, 1398359711),(53, 5, 4, 1398359719);

# Table: phpbb_topics_watch
DROP TABLE IF EXISTS phpbb_topics_watch;
CREATE TABLE `phpbb_topics_watch` (
  `topic_id` mediumint(8) unsigned NOT NULL DEFAULT '0',
  `user_id` mediumint(8) unsigned NOT NULL DEFAULT '0',
  `notify_status` tinyint(1) unsigned NOT NULL DEFAULT '0',
  KEY `topic_id` (`topic_id`),
  KEY `user_id` (`user_id`),
  KEY `notify_stat` (`notify_status`)
) ENGINE=MyISAM DEFAULT CHARSET=utf8 COLLATE=utf8_bin;

# Table: phpbb_user_group
DROP TABLE IF EXISTS phpbb_user_group;
CREATE TABLE `phpbb_user_group` (
  `group_id` mediumint(8) unsigned NOT NULL DEFAULT '0',
  `user_id` mediumint(8) unsigned NOT NULL DEFAULT '0',
  `group_leader` tinyint(1) unsigned NOT NULL DEFAULT '0',
  `user_pending` tinyint(1) unsigned NOT NULL DEFAULT '1',
  KEY `group_id` (`group_id`),
  KEY `user_id` (`user_id`),
  KEY `group_leader` (`group_leader`)
) ENGINE=MyISAM DEFAULT CHARSET=utf8 COLLATE=utf8_bin;

INSERT INTO phpbb_user_group (group_id, user_id, group_leader, user_pending) VALUES (1, 1, 0, 0),(2, 2, 0, 0),(4, 2, 0, 0),(5, 2, 1, 0),(6, 3, 0, 0),(6, 4, 0, 0),(6, 5, 0, 0),(6, 6, 0, 0),(6, 7, 0, 0),(6, 8, 0, 0),(6, 9, 0, 0),(6, 10, 0, 0),(6, 11, 0, 0),(6, 12, 0, 0),(6, 13, 0, 0),(6, 14, 0, 0),(6, 15, 0, 0),(6, 16, 0, 0),(6, 17, 0, 0),(6, 18, 0, 0),(6, 19, 0, 0),(6, 20, 0, 0),(6, 21, 0, 0),(6, 22, 0, 0),(6, 23, 0, 0),(6, 24, 0, 0),(6, 25, 0, 0),(6, 26, 0, 0),(6, 27, 0, 0),(6, 28, 0, 0),(6, 29, 0, 0),(6, 30, 0, 0),(6, 31, 0, 0),(6, 32, 0, 0),(6, 33, 0, 0),(6, 34, 0, 0),(6, 35, 0, 0),(6, 36, 0, 0),(6, 37, 0, 0),(6, 38, 0, 0),(6, 39, 0, 0),(6, 40, 0, 0),(6, 41, 0, 0),(6, 42, 0, 0),(6, 43, 0, 0),(6, 44, 0, 0),(6, 45, 0, 0),(6, 46, 0, 0),(6, 47, 0, 0),(2, 48, 0, 0),(7, 48, 0, 0),(2, 49, 0, 0),(7, 49, 0, 0),(2, 50, 0, 0),(5, 50, 0, 0),(5, 49, 0, 0),(2, 51, 0, 0),(7, 51, 0, 0),(2, 52, 0, 0),(7, 52, 0, 0),(2, 53, 0, 0),(7, 53, 0, 0),(2, 54, 0, 0),(7, 54, 0, 0),(2, 55, 0, 0),(7, 55, 0, 0);

# Table: phpbb_users
DROP TABLE IF EXISTS phpbb_users;
CREATE TABLE `phpbb_users` (
  `user_id` mediumint(8) unsigned NOT NULL AUTO_INCREMENT,
  `user_type` tinyint(2) NOT NULL DEFAULT '0',
  `group_id` mediumint(8) unsigned NOT NULL DEFAULT '3',
  `user_permissions` mediumtext COLLATE utf8_bin NOT NULL,
  `user_perm_from` mediumint(8) unsigned NOT NULL DEFAULT '0',
  `user_ip` varchar(40) COLLATE utf8_bin NOT NULL DEFAULT '',
  `user_regdate` int(11) unsigned NOT NULL DEFAULT '0',
  `username` varchar(255) COLLATE utf8_bin NOT NULL DEFAULT '',
  `username_clean` varchar(255) COLLATE utf8_bin NOT NULL DEFAULT '',
  `user_password` varchar(40) COLLATE utf8_bin NOT NULL DEFAULT '',
  `user_passchg` int(11) unsigned NOT NULL DEFAULT '0',
  `user_pass_convert` tinyint(1) unsigned NOT NULL DEFAULT '0',
  `user_email` varchar(100) COLLATE utf8_bin NOT NULL DEFAULT '',
  `user_email_hash` bigint(20) NOT NULL DEFAULT '0',
  `user_birthday` varchar(10) COLLATE utf8_bin NOT NULL DEFAULT '',
  `user_lastvisit` int(11) unsigned NOT NULL DEFAULT '0',
  `user_lastmark` int(11) unsigned NOT NULL DEFAULT '0',
  `user_lastpost_time` int(11) unsigned NOT NULL DEFAULT '0',
  `user_lastpage` varchar(200) COLLATE utf8_bin NOT NULL DEFAULT '',
  `user_last_confirm_key` varchar(10) COLLATE utf8_bin NOT NULL DEFAULT '',
  `user_last_search` int(11) unsigned NOT NULL DEFAULT '0',
  `user_warnings` tinyint(4) NOT NULL DEFAULT '0',
  `user_last_warning` int(11) unsigned NOT NULL DEFAULT '0',
  `user_login_attempts` tinyint(4) NOT NULL DEFAULT '0',
  `user_inactive_reason` tinyint(2) NOT NULL DEFAULT '0',
  `user_inactive_time` int(11) unsigned NOT NULL DEFAULT '0',
  `user_posts` mediumint(8) unsigned NOT NULL DEFAULT '0',
  `user_lang` varchar(30) COLLATE utf8_bin NOT NULL DEFAULT '',
  `user_timezone` decimal(5,2) NOT NULL DEFAULT '0.00',
  `user_dst` tinyint(1) unsigned NOT NULL DEFAULT '0',
  `user_dateformat` varchar(30) COLLATE utf8_bin NOT NULL DEFAULT 'd M Y H:i',
  `user_style` mediumint(8) unsigned NOT NULL DEFAULT '0',
  `user_rank` mediumint(8) unsigned NOT NULL DEFAULT '0',
  `user_colour` varchar(6) COLLATE utf8_bin NOT NULL DEFAULT '',
  `user_new_privmsg` int(4) NOT NULL DEFAULT '0',
  `user_unread_privmsg` int(4) NOT NULL DEFAULT '0',
  `user_last_privmsg` int(11) unsigned NOT NULL DEFAULT '0',
  `user_message_rules` tinyint(1) unsigned NOT NULL DEFAULT '0',
  `user_full_folder` int(11) NOT NULL DEFAULT '-3',
  `user_emailtime` int(11) unsigned NOT NULL DEFAULT '0',
  `user_topic_show_days` smallint(4) unsigned NOT NULL DEFAULT '0',
  `user_topic_sortby_type` varchar(1) COLLATE utf8_bin NOT NULL DEFAULT 't',
  `user_topic_sortby_dir` varchar(1) COLLATE utf8_bin NOT NULL DEFAULT 'd',
  `user_post_show_days` smallint(4) unsigned NOT NULL DEFAULT '0',
  `user_post_sortby_type` varchar(1) COLLATE utf8_bin NOT NULL DEFAULT 't',
  `user_post_sortby_dir` varchar(1) COLLATE utf8_bin NOT NULL DEFAULT 'a',
  `user_notify` tinyint(1) unsigned NOT NULL DEFAULT '0',
  `user_notify_pm` tinyint(1) unsigned NOT NULL DEFAULT '1',
  `user_notify_type` tinyint(4) NOT NULL DEFAULT '0',
  `user_allow_pm` tinyint(1) unsigned NOT NULL DEFAULT '1',
  `user_allow_viewonline` tinyint(1) unsigned NOT NULL DEFAULT '1',
  `user_allow_viewemail` tinyint(1) unsigned NOT NULL DEFAULT '1',
  `user_allow_massemail` tinyint(1) unsigned NOT NULL DEFAULT '1',
  `user_options` int(11) unsigned NOT NULL DEFAULT '230271',
  `user_avatar` varchar(255) COLLATE utf8_bin NOT NULL DEFAULT '',
  `user_avatar_type` tinyint(2) NOT NULL DEFAULT '0',
  `user_avatar_width` smallint(4) unsigned NOT NULL DEFAULT '0',
  `user_avatar_height` smallint(4) unsigned NOT NULL DEFAULT '0',
  `user_sig` mediumtext COLLATE utf8_bin NOT NULL,
  `user_sig_bbcode_uid` varchar(8) COLLATE utf8_bin NOT NULL DEFAULT '',
  `user_sig_bbcode_bitfield` varchar(255) COLLATE utf8_bin NOT NULL DEFAULT '',
  `user_from` varchar(100) COLLATE utf8_bin NOT NULL DEFAULT '',
  `user_icq` varchar(15) COLLATE utf8_bin NOT NULL DEFAULT '',
  `user_aim` varchar(255) COLLATE utf8_bin NOT NULL DEFAULT '',
  `user_yim` varchar(255) COLLATE utf8_bin NOT NULL DEFAULT '',
  `user_msnm` varchar(255) COLLATE utf8_bin NOT NULL DEFAULT '',
  `user_jabber` varchar(255) COLLATE utf8_bin NOT NULL DEFAULT '',
  `user_website` varchar(200) COLLATE utf8_bin NOT NULL DEFAULT '',
  `user_occ` text COLLATE utf8_bin NOT NULL,
  `user_interests` text COLLATE utf8_bin NOT NULL,
  `user_actkey` varchar(32) COLLATE utf8_bin NOT NULL DEFAULT '',
  `user_newpasswd` varchar(40) COLLATE utf8_bin NOT NULL DEFAULT '',
  `user_form_salt` varchar(32) COLLATE utf8_bin NOT NULL DEFAULT '',
  `user_new` tinyint(1) unsigned NOT NULL DEFAULT '1',
  `user_reminded` tinyint(4) NOT NULL DEFAULT '0',
  `user_reminded_time` int(11) unsigned NOT NULL DEFAULT '0',
  PRIMARY KEY (`user_id`),
  UNIQUE KEY `username_clean` (`username_clean`),
  KEY `user_birthday` (`user_birthday`),
  KEY `user_email_hash` (`user_email_hash`),
  KEY `user_type` (`user_type`)
) ENGINE=MyISAM AUTO_INCREMENT=56 DEFAULT CHARSET=utf8 COLLATE=utf8_bin;

INSERT INTO phpbb_users (user_id, user_type, group_id, user_permissions, user_perm_from, user_ip, user_regdate, username, username_clean, user_password, user_passchg, user_pass_convert, user_email, user_email_hash, user_birthday, user_lastvisit, user_lastmark, user_lastpost_time, user_lastpage, user_last_confirm_key, user_last_search, user_warnings, user_last_warning, user_login_attempts, user_inactive_reason, user_inactive_time, user_posts, user_lang, user_timezone, user_dst, user_dateformat, user_style, user_rank, user_colour, user_new_privmsg, user_unread_privmsg, user_last_privmsg, user_message_rules, user_full_folder, user_emailtime, user_topic_show_days, user_topic_sortby_type, user_topic_sortby_dir, user_post_show_days, user_post_sortby_type, user_post_sortby_dir, user_notify, user_notify_pm, user_notify_type, user_allow_pm, user_allow_viewonline, user_allow_viewemail, user_allow_massemail, user_options, user_avatar, user_avatar_type, user_avatar_width, user_avatar_height, user_sig, user_sig_bbcode_uid, user_sig_bbcode_bitfield, user_from, user_icq, user_aim, user_yim, user_msnm, user_jabber, user_website, user_occ, user_interests, user_actkey, user_newpasswd, user_form_salt, user_new, user_reminded, user_reminded_time) VALUES (1, 2, 1, '00000000003khra3nk\ni1cjyo000000', 0, '', 1395251289, 'Anonymous', 'anonymous', '', 0, 0, '', 0, '', 0, 0, 0, '', 'U9J5B2GSVM', 0, 0, 0, 0, 0, 0, 0, 'en', 0.00, 0, 'd M Y H:i', 2, 0, '', 0, 0, 0, 0, -3, 0, 0, 't', 'd', 0, 't', 'a', 0, 1, 0, 1, 1, 1, 0, 230271, '', 0, 0, 0, '', '', '', '', '', '', '', '', '', '', '', '', '', '', '3d6264f1dab4e847', 1, 0, 0),(2, 3, 5, 'zik0zjzik0zjzik0xs\ni1cjyo000000\nzik0zi000000\nzik0zi000000\nzik0zi000000\nzik0zi000000\nzik0zi000000', 0, '83.255.67.102', 1395251289, 'admin', 'admin', '$H$9Ubnz56v1EqU9b1sPrk6NTkCcvL7H/.', 0, 0, 'nitemare@spelpunkten.com', 36169748924, '', 1398522934, 0, 0, 'ucp.php?mode=login', '', 0, 0, 0, 0, 0, 0, 1, 'en', 0.00, 0, 'D M d, Y g:i a', 2, 1, 'AA0000', 0, 0, 0, 0, -3, 0, 0, 't', 'd', 0, 't', 'a', 0, 1, 0, 1, 1, 1, 1, 230271, '', 0, 0, 0, '', '', '', '', '', '', '', '', '', '', '', '', '', '', 'b606336ceabf662d', 1, 0, 0),(3, 2, 6, '', 0, '', 1395251336, 'AdsBot [Google]', 'adsbot [google]', '', 1395251336, 0, '', 0, '', 0, 1395251336, 0, '', '', 0, 0, 0, 0, 0, 0, 0, 'en', 0.00, 0, 'D M d, Y g:i a', 2, 0, '9E8DA7', 0, 0, 0, 0, -3, 0, 0, 't', 'd', 0, 't', 'a', 0, 1, 0, 0, 1, 1, 0, 230271, '', 0, 0, 0, '', '', '', '', '', '', '', '', '', '', '', '', '', '', 'a99a994706621c34', 0, 0, 0),(4, 2, 6, '', 0, '', 1395251336, 'Alexa [Bot]', 'alexa [bot]', '', 1395251336, 0, '', 0, '', 0, 1395251336, 0, '', '', 0, 0, 0, 0, 0, 0, 0, 'en', 0.00, 0, 'D M d, Y g:i a', 2, 0, '9E8DA7', 0, 0, 0, 0, -3, 0, 0, 't', 'd', 0, 't', 'a', 0, 1, 0, 0, 1, 1, 0, 230271, '', 0, 0, 0, '', '', '', '', '', '', '', '', '', '', '', '', '', '', 'cb06cc9292ae925c', 0, 0, 0),(5, 2, 6, '', 0, '', 1395251336, 'Alta Vista [Bot]', 'alta vista [bot]', '', 1395251336, 0, '', 0, '', 0, 1395251336, 0, '', '', 0, 0, 0, 0, 0, 0, 0, 'en', 0.00, 0, 'D M d, Y g:i a', 2, 0, '9E8DA7', 0, 0, 0, 0, -3, 0, 0, 't', 'd', 0, 't', 'a', 0, 1, 0, 0, 1, 1, 0, 230271, '', 0, 0, 0, '', '', '', '', '', '', '', '', '', '', '', '', '', '', '0f7f1851d4b0b6c5', 0, 0, 0),(6, 2, 6, '', 0, '', 1395251336, 'Ask Jeeves [Bot]', 'ask jeeves [bot]', '', 1395251336, 0, '', 0, '', 0, 1395251336, 0, '', '', 0, 0, 0, 0, 0, 0, 0, 'en', 0.00, 0, 'D M d, Y g:i a', 2, 0, '9E8DA7', 0, 0, 0, 0, -3, 0, 0, 't', 'd', 0, 't', 'a', 0, 1, 0, 0, 1, 1, 0, 230271, '', 0, 0, 0, '', '', '', '', '', '', '', '', '', '', '', '', '', '', '1edeac5621268520', 0, 0, 0),(7, 2, 6, '\ni1cjyo000000', 0, '', 1395251336, 'Baidu [Spider]', 'baidu [spider]', '', 1395251336, 0, '', 0, '', 1398277201, 1395251336, 0, 'feed.php?mode=topics', '', 0, 0, 0, 0, 0, 0, 0, 'en', 0.00, 0, 'D M d, Y g:i a', 2, 0, '9E8DA7', 0, 0, 0, 0, -3, 0, 0, 't', 'd', 0, 't', 'a', 0, 1, 0, 0, 1, 1, 0, 230271, '', 0, 0, 0, '', '', '', '', '', '', '', '', '', '', '', '', '', '', '35bc2abefd1479ea', 0, 0, 0),(8, 2, 6, '', 0, '', 1395251336, 'Bing [Bot]', 'bing [bot]', '', 1395251336, 0, '', 0, '', 0, 1395251336, 0, '', '', 0, 0, 0, 0, 0, 0, 0, 'en', 0.00, 0, 'D M d, Y g:i a', 2, 0, '9E8DA7', 0, 0, 0, 0, -3, 0, 0, 't', 'd', 0, 't', 'a', 0, 1, 0, 0, 1, 1, 0, 230271, '', 0, 0, 0, '', '', '', '', '', '', '', '', '', '', '', '', '', '', 'e1a3e0c0a1e59bef', 0, 0, 0),(9, 2, 6, '', 0, '', 1395251336, 'Exabot [Bot]', 'exabot [bot]', '', 1395251336, 0, '', 0, '', 0, 1395251336, 0, '', '', 0, 0, 0, 0, 0, 0, 0, 'en', 0.00, 0, 'D M d, Y g:i a', 2, 0, '9E8DA7', 0, 0, 0, 0, -3, 0, 0, 't', 'd', 0, 't', 'a', 0, 1, 0, 0, 1, 1, 0, 230271, '', 0, 0, 0, '', '', '', '', '', '', '', '', '', '', '', '', '', '', 'b093075383805cd4', 0, 0, 0),(10, 2, 6, '', 0, '', 1395251336, 'FAST Enterprise [Crawler]', 'fast enterprise [crawler]', '', 1395251336, 0, '', 0, '', 0, 1395251336, 0, '', '', 0, 0, 0, 0, 0, 0, 0, 'en', 0.00, 0, 'D M d, Y g:i a', 2, 0, '9E8DA7', 0, 0, 0, 0, -3, 0, 0, 't', 'd', 0, 't', 'a', 0, 1, 0, 0, 1, 1, 0, 230271, '', 0, 0, 0, '', '', '', '', '', '', '', '', '', '', '', '', '', '', '2c6ff184bd4d0436', 0, 0, 0),(11, 2, 6, '', 0, '', 1395251336, 'FAST WebCrawler [Crawler]', 'fast webcrawler [crawler]', '', 1395251336, 0, '', 0, '', 0, 1395251336, 0, '', '', 0, 0, 0, 0, 0, 0, 0, 'en', 0.00, 0, 'D M d, Y g:i a', 2, 0, '9E8DA7', 0, 0, 0, 0, -3, 0, 0, 't', 'd', 0, 't', 'a', 0, 1, 0, 0, 1, 1, 0, 230271, '', 0, 0, 0, '', '', '', '', '', '', '', '', '', '', '', '', '', '', '7735d7e09cf522d8', 0, 0, 0),(12, 2, 6, '', 0, '', 1395251336, 'Francis [Bot]', 'francis [bot]', '', 1395251336, 0, '', 0, '', 0, 1395251336, 0, '', '', 0, 0, 0, 0, 0, 0, 0, 'en', 0.00, 0, 'D M d, Y g:i a', 2, 0, '9E8DA7', 0, 0, 0, 0, -3, 0, 0, 't', 'd', 0, 't', 'a', 0, 1, 0, 0, 1, 1, 0, 230271, '', 0, 0, 0, '', '', '', '', '', '', '', '', '', '', '', '', '', '', '244065d19afa083d', 0, 0, 0),(13, 2, 6, '', 0, '', 1395251336, 'Gigabot [Bot]', 'gigabot [bot]', '', 1395251336, 0, '', 0, '', 0, 1395251336, 0, '', '', 0, 0, 0, 0, 0, 0, 0, 'en', 0.00, 0, 'D M d, Y g:i a', 2, 0, '9E8DA7', 0, 0, 0, 0, -3, 0, 0, 't', 'd', 0, 't', 'a', 0, 1, 0, 0, 1, 1, 0, 230271, '', 0, 0, 0, '', '', '', '', '', '', '', '', '', '', '', '', '', '', '16cfd4aa2b6789f6', 0, 0, 0),(14, 2, 6, '', 0, '', 1395251336, 'Google Adsense [Bot]', 'google adsense [bot]', '', 1395251336, 0, '', 0, '', 0, 1395251336, 0, '', '', 0, 0, 0, 0, 0, 0, 0, 'en', 0.00, 0, 'D M d, Y g:i a', 2, 0, '9E8DA7', 0, 0, 0, 0, -3, 0, 0, 't', 'd', 0, 't', 'a', 0, 1, 0, 0, 1, 1, 0, 230271, '', 0, 0, 0, '', '', '', '', '', '', '', '', '', '', '', '', '', '', '562e550f85828e7d', 0, 0, 0),(15, 2, 6, '', 0, '', 1395251336, 'Google Desktop', 'google desktop', '', 1395251336, 0, '', 0, '', 0, 1395251336, 0, '', '', 0, 0, 0, 0, 0, 0, 0, 'en', 0.00, 0, 'D M d, Y g:i a', 2, 0, '9E8DA7', 0, 0, 0, 0, -3, 0, 0, 't', 'd', 0, 't', 'a', 0, 1, 0, 0, 1, 1, 0, 230271, '', 0, 0, 0, '', '', '', '', '', '', '', '', '', '', '', '', '', '', '98c44e3b83f476fd', 0, 0, 0),(16, 2, 6, '', 0, '', 1395251336, 'Google Feedfetcher', 'google feedfetcher', '', 1395251336, 0, '', 0, '', 0, 1395251336, 0, '', '', 0, 0, 0, 0, 0, 0, 0, 'en', 0.00, 0, 'D M d, Y g:i a', 2, 0, '9E8DA7', 0, 0, 0, 0, -3, 0, 0, 't', 'd', 0, 't', 'a', 0, 1, 0, 0, 1, 1, 0, 230271, '', 0, 0, 0, '', '', '', '', '', '', '', '', '', '', '', '', '', '', 'c56f6edd28dab0b9', 0, 0, 0),(17, 2, 6, '\ni1cjyo000000', 0, '', 1395251336, 'Google [Bot]', 'google [bot]', '', 1395251336, 0, '', 0, '', 1398034897, 1395251336, 0, 'index.php', '', 0, 0, 0, 0, 0, 0, 0, 'en', 0.00, 0, 'D M d, Y g:i a', 2, 0, '9E8DA7', 0, 0, 0, 0, -3, 0, 0, 't', 'd', 0, 't', 'a', 0, 1, 0, 0, 1, 1, 0, 230271, '', 0, 0, 0, '', '', '', '', '', '', '', '', '', '', '', '', '', '', '34e383b783c31e01', 0, 0, 0),(18, 2, 6, '', 0, '', 1395251336, 'Heise IT-Markt [Crawler]', 'heise it-markt [crawler]', '', 1395251336, 0, '', 0, '', 0, 1395251336, 0, '', '', 0, 0, 0, 0, 0, 0, 0, 'en', 0.00, 0, 'D M d, Y g:i a', 2, 0, '9E8DA7', 0, 0, 0, 0, -3, 0, 0, 't', 'd', 0, 't', 'a', 0, 1, 0, 0, 1, 1, 0, 230271, '', 0, 0, 0, '', '', '', '', '', '', '', '', '', '', '', '', '', '', '65e49a2f0baf5b5b', 0, 0, 0),(19, 2, 6, '', 0, '', 1395251336, 'Heritrix [Crawler]', 'heritrix [crawler]', '', 1395251336, 0, '', 0, '', 0, 1395251336, 0, '', '', 0, 0, 0, 0, 0, 0, 0, 'en', 0.00, 0, 'D M d, Y g:i a', 2, 0, '9E8DA7', 0, 0, 0, 0, -3, 0, 0, 't', 'd', 0, 't', 'a', 0, 1, 0, 0, 1, 1, 0, 230271, '', 0, 0, 0, '', '', '', '', '', '', '', '', '', '', '', '', '', '', '86ae1cbb60499280', 0, 0, 0),(20, 2, 6, '', 0, '', 1395251336, 'IBM Research [Bot]', 'ibm research [bot]', '', 1395251336, 0, '', 0, '', 0, 1395251336, 0, '', '', 0, 0, 0, 0, 0, 0, 0, 'en', 0.00, 0, 'D M d, Y g:i a', 2, 0, '9E8DA7', 0, 0, 0, 0, -3, 0, 0, 't', 'd', 0, 't', 'a', 0, 1, 0, 0, 1, 1, 0, 230271, '', 0, 0, 0, '', '', '', '', '', '', '', '', '', '', '', '', '', '', 'c1bf9875b2213160', 0, 0, 0),(21, 2, 6, '', 0, '', 1395251336, 'ICCrawler - ICjobs', 'iccrawler - icjobs', '', 1395251336, 0, '', 0, '', 0, 1395251336, 0, '', '', 0, 0, 0, 0, 0, 0, 0, 'en', 0.00, 0, 'D M d, Y g:i a', 2, 0, '9E8DA7', 0, 0, 0, 0, -3, 0, 0, 't', 'd', 0, 't', 'a', 0, 1, 0, 0, 1, 1, 0, 230271, '', 0, 0, 0, '', '', '', '', '', '', '', '', '', '', '', '', '', '', '532edfaea8293fee', 0, 0, 0),(22, 2, 6, '', 0, '', 1395251336, 'ichiro [Crawler]', 'ichiro [crawler]', '', 1395251336, 0, '', 0, '', 0, 1395251336, 0, '', '', 0, 0, 0, 0, 0, 0, 0, 'en', 0.00, 0, 'D M d, Y g:i a', 2, 0, '9E8DA7', 0, 0, 0, 0, -3, 0, 0, 't', 'd', 0, 't', 'a', 0, 1, 0, 0, 1, 1, 0, 230271, '', 0, 0, 0, '', '', '', '', '', '', '', '', '', '', '', '', '', '', '8bebadc0bb8176a3', 0, 0, 0),(23, 2, 6, '', 0, '', 1395251336, 'Majestic-12 [Bot]', 'majestic-12 [bot]', '', 1395251336, 0, '', 0, '', 0, 1395251336, 0, '', '', 0, 0, 0, 0, 0, 0, 0, 'en', 0.00, 0, 'D M d, Y g:i a', 2, 0, '9E8DA7', 0, 0, 0, 0, -3, 0, 0, 't', 'd', 0, 't', 'a', 0, 1, 0, 0, 1, 1, 0, 230271, '', 0, 0, 0, '', '', '', '', '', '', '', '', '', '', '', '', '', '', '9050e53af9e88952', 0, 0, 0),(24, 2, 6, '', 0, '', 1395251336, 'Metager [Bot]', 'metager [bot]', '', 1395251336, 0, '', 0, '', 0, 1395251336, 0, '', '', 0, 0, 0, 0, 0, 0, 0, 'en', 0.00, 0, 'D M d, Y g:i a', 2, 0, '9E8DA7', 0, 0, 0, 0, -3, 0, 0, 't', 'd', 0, 't', 'a', 0, 1, 0, 0, 1, 1, 0, 230271, '', 0, 0, 0, '', '', '', '', '', '', '', '', '', '', '', '', '', '', 'c3ee12f115297fab', 0, 0, 0),(25, 2, 6, '', 0, '', 1395251336, 'MSN NewsBlogs', 'msn newsblogs', '', 1395251336, 0, '', 0, '', 0, 1395251336, 0, '', '', 0, 0, 0, 0, 0, 0, 0, 'en', 0.00, 0, 'D M d, Y g:i a', 2, 0, '9E8DA7', 0, 0, 0, 0, -3, 0, 0, 't', 'd', 0, 't', 'a', 0, 1, 0, 0, 1, 1, 0, 230271, '', 0, 0, 0, '', '', '', '', '', '', '', '', '', '', '', '', '', '', 'bb71fca46e6dae03', 0, 0, 0),(26, 2, 6, '', 0, '', 1395251336, 'MSN [Bot]', 'msn [bot]', '', 1395251336, 0, '', 0, '', 0, 1395251336, 0, '', '', 0, 0, 0, 0, 0, 0, 0, 'en', 0.00, 0, 'D M d, Y g:i a', 2, 0, '9E8DA7', 0, 0, 0, 0, -3, 0, 0, 't', 'd', 0, 't', 'a', 0, 1, 0, 0, 1, 1, 0, 230271, '', 0, 0, 0, '', '', '', '', '', '', '', '', '', '', '', '', '', '', 'bf2c13b7461f351b', 0, 0, 0),(27, 2, 6, '', 0, '', 1395251336, 'MSNbot Media', 'msnbot media', '', 1395251336, 0, '', 0, '', 0, 1395251336, 0, '', '', 0, 0, 0, 0, 0, 0, 0, 'en', 0.00, 0, 'D M d, Y g:i a', 2, 0, '9E8DA7', 0, 0, 0, 0, -3, 0, 0, 't', 'd', 0, 't', 'a', 0, 1, 0, 0, 1, 1, 0, 230271, '', 0, 0, 0, '', '', '', '', '', '', '', '', '', '', '', '', '', '', '4963da68bfa9b60b', 0, 0, 0),(28, 2, 6, '', 0, '', 1395251336, 'Nutch [Bot]', 'nutch [bot]', '', 1395251336, 0, '', 0, '', 0, 1395251336, 0, '', '', 0, 0, 0, 0, 0, 0, 0, 'en', 0.00, 0, 'D M d, Y g:i a', 2, 0, '9E8DA7', 0, 0, 0, 0, -3, 0, 0, 't', 'd', 0, 't', 'a', 0, 1, 0, 0, 1, 1, 0, 230271, '', 0, 0, 0, '', '', '', '', '', '', '', '', '', '', '', '', '', '', 'fb47f69d8bb512cf', 0, 0, 0),(29, 2, 6, '', 0, '', 1395251336, 'Online link [Validator]', 'online link [validator]', '', 1395251336, 0, '', 0, '', 0, 1395251336, 0, '', '', 0, 0, 0, 0, 0, 0, 0, 'en', 0.00, 0, 'D M d, Y g:i a', 2, 0, '9E8DA7', 0, 0, 0, 0, -3, 0, 0, 't', 'd', 0, 't', 'a', 0, 1, 0, 0, 1, 1, 0, 230271, '', 0, 0, 0, '', '', '', '', '', '', '', '', '', '', '', '', '', '', '7742d9beed7d9859', 0, 0, 0),(30, 2, 6, '', 0, '', 1395251336, 'psbot [Picsearch]', 'psbot [picsearch]', '', 1395251336, 0, '', 0, '', 0, 1395251336, 0, '', '', 0, 0, 0, 0, 0, 0, 0, 'en', 0.00, 0, 'D M d, Y g:i a', 2, 0, '9E8DA7', 0, 0, 0, 0, -3, 0, 0, 't', 'd', 0, 't', 'a', 0, 1, 0, 0, 1, 1, 0, 230271, '', 0, 0, 0, '', '', '', '', '', '', '', '', '', '', '', '', '', '', 'ae14f1a73c1dd66c', 0, 0, 0),(31, 2, 6, '', 0, '', 1395251336, 'Sensis [Crawler]', 'sensis [crawler]', '', 1395251336, 0, '', 0, '', 0, 1395251336, 0, '', '', 0, 0, 0, 0, 0, 0, 0, 'en', 0.00, 0, 'D M d, Y g:i a', 2, 0, '9E8DA7', 0, 0, 0, 0, -3, 0, 0, 't', 'd', 0, 't', 'a', 0, 1, 0, 0, 1, 1, 0, 230271, '', 0, 0, 0, '', '', '', '', '', '', '', '', '', '', '', '', '', '', '01d1b5104c894594', 0, 0, 0),(32, 2, 6, '', 0, '', 1395251336, 'SEO Crawler', 'seo crawler', '', 1395251336, 0, '', 0, '', 0, 1395251336, 0, '', '', 0, 0, 0, 0, 0, 0, 0, 'en', 0.00, 0, 'D M d, Y g:i a', 2, 0, '9E8DA7', 0, 0, 0, 0, -3, 0, 0, 't', 'd', 0, 't', 'a', 0, 1, 0, 0, 1, 1, 0, 230271, '', 0, 0, 0, '', '', '', '', '', '', '', '', '', '', '', '', '', '', '83f03596a0036004', 0, 0, 0),(33, 2, 6, '', 0, '', 1395251336, 'Seoma [Crawler]', 'seoma [crawler]', '', 1395251336, 0, '', 0, '', 0, 1395251336, 0, '', '', 0, 0, 0, 0, 0, 0, 0, 'en', 0.00, 0, 'D M d, Y g:i a', 2, 0, '9E8DA7', 0, 0, 0, 0, -3, 0, 0, 't', 'd', 0, 't', 'a', 0, 1, 0, 0, 1, 1, 0, 230271, '', 0, 0, 0, '', '', '', '', '', '', '', '', '', '', '', '', '', '', '0e2b10965e366092', 0, 0, 0),(34, 2, 6, '', 0, '', 1395251336, 'SEOSearch [Crawler]', 'seosearch [crawler]', '', 1395251336, 0, '', 0, '', 0, 1395251336, 0, '', '', 0, 0, 0, 0, 0, 0, 0, 'en', 0.00, 0, 'D M d, Y g:i a', 2, 0, '9E8DA7', 0, 0, 0, 0, -3, 0, 0, 't', 'd', 0, 't', 'a', 0, 1, 0, 0, 1, 1, 0, 230271, '', 0, 0, 0, '', '', '', '', '', '', '', '', '', '', '', '', '', '', '5218d50c461d68b1', 0, 0, 0),(35, 2, 6, '', 0, '', 1395251336, 'Snappy [Bot]', 'snappy [bot]', '', 1395251336, 0, '', 0, '', 0, 1395251336, 0, '', '', 0, 0, 0, 0, 0, 0, 0, 'en', 0.00, 0, 'D M d, Y g:i a', 2, 0, '9E8DA7', 0, 0, 0, 0, -3, 0, 0, 't', 'd', 0, 't', 'a', 0, 1, 0, 0, 1, 1, 0, 230271, '', 0, 0, 0, '', '', '', '', '', '', '', '', '', '', '', '', '', '', '6281da73665140be', 0, 0, 0),(36, 2, 6, '', 0, '', 1395251336, 'Steeler [Crawler]', 'steeler [crawler]', '', 1395251336, 0, '', 0, '', 0, 1395251336, 0, '', '', 0, 0, 0, 0, 0, 0, 0, 'en', 0.00, 0, 'D M d, Y g:i a', 2, 0, '9E8DA7', 0, 0, 0, 0, -3, 0, 0, 't', 'd', 0, 't', 'a', 0, 1, 0, 0, 1, 1, 0, 230271, '', 0, 0, 0, '', '', '', '', '', '', '', '', '', '', '', '', '', '', 'af6ac9f56e343686', 0, 0, 0),(37, 2, 6, '', 0, '', 1395251336, 'Telekom [Bot]', 'telekom [bot]', '', 1395251336, 0, '', 0, '', 0, 1395251336, 0, '', '', 0, 0, 0, 0, 0, 0, 0, 'en', 0.00, 0, 'D M d, Y g:i a', 2, 0, '9E8DA7', 0, 0, 0, 0, -3, 0, 0, 't', 'd', 0, 't', 'a', 0, 1, 0, 0, 1, 1, 0, 230271, '', 0, 0, 0, '', '', '', '', '', '', '', '', '', '', '', '', '', '', 'e6f6c49502e2d3cd', 0, 0, 0),(38, 2, 6, '', 0, '', 1395251336, 'TurnitinBot [Bot]', 'turnitinbot [bot]', '', 1395251336, 0, '', 0, '', 0, 1395251336, 0, '', '', 0, 0, 0, 0, 0, 0, 0, 'en', 0.00, 0, 'D M d, Y g:i a', 2, 0, '9E8DA7', 0, 0, 0, 0, -3, 0, 0, 't', 'd', 0, 't', 'a', 0, 1, 0, 0, 1, 1, 0, 230271, '', 0, 0, 0, '', '', '', '', '', '', '', '', '', '', '', '', '', '', 'ec40f206c6010bb0', 0, 0, 0),(39, 2, 6, '', 0, '', 1395251336, 'Voyager [Bot]', 'voyager [bot]', '', 1395251336, 0, '', 0, '', 0, 1395251336, 0, '', '', 0, 0, 0, 0, 0, 0, 0, 'en', 0.00, 0, 'D M d, Y g:i a', 2, 0, '9E8DA7', 0, 0, 0, 0, -3, 0, 0, 't', 'd', 0, 't', 'a', 0, 1, 0, 0, 1, 1, 0, 230271, '', 0, 0, 0, '', '', '', '', '', '', '', '', '', '', '', '', '', '', 'a8f5137b063744e3', 0, 0, 0),(40, 2, 6, '', 0, '', 1395251336, 'W3 [Sitesearch]', 'w3 [sitesearch]', '', 1395251336, 0, '', 0, '', 0, 1395251336, 0, '', '', 0, 0, 0, 0, 0, 0, 0, 'en', 0.00, 0, 'D M d, Y g:i a', 2, 0, '9E8DA7', 0, 0, 0, 0, -3, 0, 0, 't', 'd', 0, 't', 'a', 0, 1, 0, 0, 1, 1, 0, 230271, '', 0, 0, 0, '', '', '', '', '', '', '', '', '', '', '', '', '', '', '7a143863ffd2198f', 0, 0, 0),(41, 2, 6, '', 0, '', 1395251336, 'W3C [Linkcheck]', 'w3c [linkcheck]', '', 1395251336, 0, '', 0, '', 0, 1395251336, 0, '', '', 0, 0, 0, 0, 0, 0, 0, 'en', 0.00, 0, 'D M d, Y g:i a', 2, 0, '9E8DA7', 0, 0, 0, 0, -3, 0, 0, 't', 'd', 0, 't', 'a', 0, 1, 0, 0, 1, 1, 0, 230271, '', 0, 0, 0, '', '', '', '', '', '', '', '', '', '', '', '', '', '', '77c6a2c2f8b96995', 0, 0, 0),(42, 2, 6, '', 0, '', 1395251336, 'W3C [Validator]', 'w3c [validator]', '', 1395251336, 0, '', 0, '', 0, 1395251336, 0, '', '', 0, 0, 0, 0, 0, 0, 0, 'en', 0.00, 0, 'D M d, Y g:i a', 2, 0, '9E8DA7', 0, 0, 0, 0, -3, 0, 0, 't', 'd', 0, 't', 'a', 0, 1, 0, 0, 1, 1, 0, 230271, '', 0, 0, 0, '', '', '', '', '', '', '', '', '', '', '', '', '', '', '303c45822fceceeb', 0, 0, 0),(43, 2, 6, '', 0, '', 1395251336, 'YaCy [Bot]', 'yacy [bot]', '', 1395251336, 0, '', 0, '', 0, 1395251336, 0, '', '', 0, 0, 0, 0, 0, 0, 0, 'en', 0.00, 0, 'D M d, Y g:i a', 2, 0, '9E8DA7', 0, 0, 0, 0, -3, 0, 0, 't', 'd', 0, 't', 'a', 0, 1, 0, 0, 1, 1, 0, 230271, '', 0, 0, 0, '', '', '', '', '', '', '', '', '', '', '', '', '', '', '42abab23cdbc58f8', 0, 0, 0),(44, 2, 6, '', 0, '', 1395251336, 'Yahoo MMCrawler [Bot]', 'yahoo mmcrawler [bot]', '', 1395251336, 0, '', 0, '', 0, 1395251336, 0, '', '', 0, 0, 0, 0, 0, 0, 0, 'en', 0.00, 0, 'D M d, Y g:i a', 2, 0, '9E8DA7', 0, 0, 0, 0, -3, 0, 0, 't', 'd', 0, 't', 'a', 0, 1, 0, 0, 1, 1, 0, 230271, '', 0, 0, 0, '', '', '', '', '', '', '', '', '', '', '', '', '', '', 'ecf4e2ea0d825a63', 0, 0, 0),(45, 2, 6, '', 0, '', 1395251336, 'Yahoo Slurp [Bot]', 'yahoo slurp [bot]', '', 1395251336, 0, '', 0, '', 0, 1395251336, 0, '', '', 0, 0, 0, 0, 0, 0, 0, 'en', 0.00, 0, 'D M d, Y g:i a', 2, 0, '9E8DA7', 0, 0, 0, 0, -3, 0, 0, 't', 'd', 0, 't', 'a', 0, 1, 0, 0, 1, 1, 0, 230271, '', 0, 0, 0, '', '', '', '', '', '', '', '', '', '', '', '', '', '', 'dddf28c8897ad9ec', 0, 0, 0),(46, 2, 6, '', 0, '', 1395251336, 'Yahoo [Bot]', 'yahoo [bot]', '', 1395251336, 0, '', 0, '', 0, 1395251336, 0, '', '', 0, 0, 0, 0, 0, 0, 0, 'en', 0.00, 0, 'D M d, Y g:i a', 2, 0, '9E8DA7', 0, 0, 0, 0, -3, 0, 0, 't', 'd', 0, 't', 'a', 0, 1, 0, 0, 1, 1, 0, 230271, '', 0, 0, 0, '', '', '', '', '', '', '', '', '', '', '', '', '', '', '70236983d0abc7ba', 0, 0, 0),(47, 2, 6, '', 0, '', 1395251336, 'YahooSeeker [Bot]', 'yahooseeker [bot]', '', 1395251336, 0, '', 0, '', 0, 1395251336, 0, '', '', 0, 0, 0, 0, 0, 0, 0, 'en', 0.00, 0, 'D M d, Y g:i a', 2, 0, '9E8DA7', 0, 0, 0, 0, -3, 0, 0, 't', 'd', 0, 't', 'a', 0, 1, 0, 0, 1, 1, 0, 230271, '', 0, 0, 0, '', '', '', '', '', '', '', '', '', '', '', '', '', '', '8811e7a0ea509c8c', 0, 0, 0),(51, 0, 2, '', 0, '83.255.72.216', 1395400594, 'Zlappie', 'zlappie', '$H$9j5lVpbd6NQtQilOpkrJv86gRiwjy80', 1395400594, 0, 'christian.adamsson@gmail.com', 266007217528, '', 1395404552, 1395400594, 0, 'viewtopic.php?f=2&t=2', '', 0, 0, 0, 0, 0, 0, 0, 'en', 0.00, 0, 'D M d, Y g:i a', 2, 0, '', 0, 0, 0, 0, -3, 0, 0, 't', 'd', 0, 't', 'a', 0, 1, 0, 1, 1, 1, 1, 230271, '', 0, 0, 0, '', '', '', '', '', '', '', '', '', '', '', '', '', '', 'e855587cdc104922', 1, 0, 0),(48, 0, 2, '', 0, '217.209.6.18', 1395259630, 'Herkie82', 'herkie82', '$H$94hS2xkBx9HyGjqZj1j1iXyWW/7M/G/', 1395259630, 0, 'kadett.magnus@hotmail.com', 372790105725, '', 1395259700, 1395259630, 0, 'ucp.php?mode=confirm&confirm_id=ab4c68aae89c65b5a2fd6561f5c47587&type=1', '', 0, 0, 0, 0, 0, 0, 0, 'en', 1.00, 0, 'D M d, Y g:i a', 2, 0, '', 0, 0, 0, 0, -3, 0, 0, 't', 'd', 0, 't', 'a', 0, 1, 0, 1, 1, 1, 1, 230271, '', 0, 0, 0, '', '', '', '', '', '', '', '', '', '', '', '', '', '', '81e08f2ccab88a31', 1, 0, 0),(49, 3, 2, '005m9rzik0zjw6ovy8\ni1cjyo000000\nzik0zi000000\nzik0zi000000\nzik0zi000000\nzik0zi000000\nzik0zi000000', 0, '83.226.175.172', 1395266141, 'ZHiTNiK', 'zhitnik', '$H$9kH87YEKE3ZXaZEs6LUgtFn6DmU2mQ0', 1395266141, 0, 'legatusfidens@gmail.com', 271182710223, '30- 4-1980', 1398287091, 1395266141, 1398209196, 'viewtopic.php?f=5&t=4', '', 0, 0, 0, 0, 0, 0, 2, 'en', 0.00, 0, 'D M d, Y g:i a', 2, 1, '', 0, 0, 0, 0, -3, 0, 0, 't', 'd', 0, 't', 'a', 0, 1, 0, 1, 1, 1, 1, 230271, '49_1395270878.png', 1, 86, 90, '- Legatus Fidens IXVI -', '3uhqk8fo', '', '', '', '', '', '', '', '', '', '', '', '', '38cb84b5fb0f0718', 1, 0, 0),(50, 3, 2, '005m9rzik0zjzik0xs\ni1cjyo000000\nzik0zi000000\nzik0zi000000\nzik0zi000000\nzik0zi000000\nzik0zi000000', 0, '83.255.69.255', 1395266182, 'Dexrion', 'dexrion', '$H$9ZZvvL/GKXNCQ0QsW74URUJjiLPrBH0', 1395266182, 0, 'nizziano@live.com', 131776098317, '14- 8-1981', 1398590505, 1395266182, 1398358846, 'index.php', '', 0, 0, 0, 0, 0, 0, 3, 'en', 0.00, 0, 'D M d, Y g:i a', 2, 1, '', 0, 0, 0, 0, -3, 0, 0, 't', 'd', 0, 't', 'a', 0, 1, 0, 1, 1, 1, 1, 230271, '50_1395266449.gif', 1, 80, 82, '- you miss 100 percent of the shots you never take -\n\n// Wayne Gretzky', '33xzmwu5', '', 'Kristinehamn Wermland', '', '', '', '', '', '', '', '', '', '', 'e32faf37131d1d43', 0, 0, 0),(55, 0, 2, '00000000006xrqeiww\nqlctzq000000\nqlctzq000000\nqlctzq000000\nqlctzq000000\nqlctzq000000\nqlctzq000000', 0, '81.231.130.161', 1395664864, 'Foppatofflan', 'foppatofflan', '$H$9XZSeV2CZM/DWHCO7ccWbPZkujfZwd0', 1395664864, 0, 'foppatofflan@live.com', 172602469621, '', 1398106685, 1395664864, 0, 'viewtopic.php?f=5&t=4', '', 0, 0, 0, 0, 0, 0, 0, 'en', 1.00, 0, 'D M d, Y g:i a', 2, 0, '', 0, 0, 0, 0, -3, 0, 0, 't', 'd', 0, 't', 'a', 0, 1, 0, 1, 1, 1, 1, 230271, '', 0, 0, 0, '', '', '', '', '', '', '', '', '', '', '', '', '', '', 'd46804af0638e1b6', 1, 0, 0),(53, 0, 2, '000000000073w6ovy8\ni1cjyo000000\nqlctzq000000\nqlctzq000000\nqlctzq000000\nqlctzq000000\nqlctzq000000', 0, '83.255.67.102', 1395419952, 'Sork Pippi', 'sork pippi', '$H$9SzJmcOGjzJlsctql9xe0Wa4WiKr2f/', 1395419952, 0, '7nitemare9@gmail.com', 157907536520, '', 1398597308, 1395419952, 1398357079, 'ucp.php?mode=login', '', 0, 0, 0, 0, 0, 0, 1, 'en', 1.00, 0, 'D M d, Y g:i a', 2, 1, '', 0, 0, 0, 0, -3, 0, 0, 't', 'd', 0, 't', 'a', 0, 1, 0, 1, 1, 1, 1, 230271, '', 0, 0, 0, '', '', '', '', '', '', '', '', '', '', '', '', '', '', 'fc6deba707ccbcac', 1, 0, 0),(52, 0, 2, '00000000006xrqeiww\ni1cjyo000000\nqlctzq000000\nqlctzq000000\nqlctzq000000\nqlctzq000000\nqlctzq000000', 0, '79.136.20.204', 1395403903, 'mackan', 'mackan', '$H$9RgzQmPa1yBJn3MZxPzJIkk/yduZLw.', 1395403903, 0, 'marcus.staffans@gmail.com', 221579653725, '', 1396029212, 1395403903, 0, 'index.php', '', 0, 0, 0, 0, 0, 0, 0, 'en', 0.00, 0, 'D M d, Y g:i a', 2, 0, '', 0, 0, 0, 0, -3, 0, 0, 't', 'd', 0, 't', 'a', 0, 1, 0, 1, 1, 1, 1, 230271, '', 0, 0, 0, '', '', '', '', '', '', '', '', '', '', '', '', '', '', '611dd112d50cf8ef', 1, 0, 0),(54, 0, 2, '00000000006xrqeiww\ni1cjyo000000\nqlctzq000000\nqlctzq000000\nqlctzq000000\nqlctzq000000\nqlctzq000000', 0, '46.162.79.124', 1395441233, 'bede', 'bede', '$H$9iFY5bOEjHwWgvKZM5cKxLTn5X44vZ0', 1395441233, 0, 'cbergdahl@live.se', 280410965417, '12- 1-1988', 1395709417, 1395441233, 0, 'viewtopic.php?f=5&t=3', '', 0, 0, 0, 0, 0, 0, 0, 'en', 0.00, 0, 'D M d, Y g:i a', 2, 0, '', 0, 0, 0, 0, -3, 0, 0, 't', 'd', 0, 't', 'a', 0, 1, 0, 1, 1, 1, 1, 230271, '', 0, 0, 0, '', '', '', 'Luleå', '', '', '', '', '', '', '', '', '', '', '7dd43ac7b629f6e4', 1, 0, 0);

# Table: phpbb_warnings
DROP TABLE IF EXISTS phpbb_warnings;
CREATE TABLE `phpbb_warnings` (
  `warning_id` mediumint(8) unsigned NOT NULL AUTO_INCREMENT,
  `user_id` mediumint(8) unsigned NOT NULL DEFAULT '0',
  `post_id` mediumint(8) unsigned NOT NULL DEFAULT '0',
  `log_id` mediumint(8) unsigned NOT NULL DEFAULT '0',
  `warning_time` int(11) unsigned NOT NULL DEFAULT '0',
  PRIMARY KEY (`warning_id`)
) ENGINE=MyISAM DEFAULT CHARSET=utf8 COLLATE=utf8_bin;

# Table: phpbb_words
DROP TABLE IF EXISTS phpbb_words;
CREATE TABLE `phpbb_words` (
  `word_id` mediumint(8) unsigned NOT NULL AUTO_INCREMENT,
  `word` varchar(255) COLLATE utf8_bin NOT NULL DEFAULT '',
  `replacement` varchar(255) COLLATE utf8_bin NOT NULL DEFAULT '',
  PRIMARY KEY (`word_id`)
) ENGINE=MyISAM DEFAULT CHARSET=utf8 COLLATE=utf8_bin;

# Table: phpbb_zebra
DROP TABLE IF EXISTS phpbb_zebra;
CREATE TABLE `phpbb_zebra` (
  `user_id` mediumint(8) unsigned NOT NULL DEFAULT '0',
  `zebra_id` mediumint(8) unsigned NOT NULL DEFAULT '0',
  `friend` tinyint(1) unsigned NOT NULL DEFAULT '0',
  `foe` tinyint(1) unsigned NOT NULL DEFAULT '0',
  PRIMARY KEY (`user_id`,`zebra_id`)
) ENGINE=MyISAM DEFAULT CHARSET=utf8 COLLATE=utf8_bin;

